Rk,Player,Year,Age,Draft,Tm,Lg,G,GS,TD,XPM,XPA,XP%,FGM,FGA,FG%,2PM,Sfty,Pts
2,David Akers\akersdav01,2011,37,,SFO,NFL,16,0,0,34,34,100.0,44,52,84.6,,,166
3,Gary Anderson\andergar02,1998,39,7-171,MIN,NFL,16,0,0,59,59,100.0,35,35,100.0,,,164
4,Jeff Wilkins\wilkijef01,2003,31,,STL,NFL,16,0,0,46,46,100.0,39,42,92.9,,,163
5,Mark Moseley\moselmar01,1983,35,14-346,WAS,NFL,16,0,0,62,63,98.4,33,47,70.2,,,161
6,Matt Bryant\bryanmat01,2016,41,,ATL,NFL,16,0,0,56,57,98.2,34,37,91.9,,,158
7,Stephen Gostkowski\GostSt20,2013,29,4-118,NWE,NFL,16,0,0,44,44,100.0,38,41,92.7,,,158
8,Greg Zuerlein\ZuerGr00,2017,30,6-171,LAR,NFL,14,0,0,44,46,95.7,38,40,95.0,,,158
9,Mike Vanderjagt\vandemik01,2003,33,,IND,NFL,16,0,0,46,46,100.0,37,37,100.0,,,157
10,Stephen Gostkowski\GostSt20,2017,33,4-118,NWE,NFL,16,0,0,45,47,95.7,37,40,92.5,,,156
11,Stephen Gostkowski\GostSt20,2014,30,4-118,NWE,NFL,16,0,0,51,51,100.0,35,37,94.6,,,156
12,Gino Cappelletti\CappGi00,1964,30,,BOS,AFL,14,,7,36,36,100.0,25,39,64.1,1,,155
13,Stephen Gostkowski\GostSt20,2012,28,4-118,NWE,NFL,16,0,0,66,66,100.0,29,35,82.9,,,153
14,Stephen Gostkowski\GostSt20,2015,31,4-118,NWE,NFL,16,0,0,52,52,100.0,33,36,91.7,,,151
15,Ka'imi Fairbairn\FairKa01,2018,24,,HOU,NFL,16,0,0,39,41,95.1,37,42,88.1,,,150
16,Cody Parkey\ParkCo03,2014,22,,PHI,NFL,16,0,0,54,54,100.0,32,36,88.9,,,150
17,Matt Prater\PratMa20,2013,29,,DEN,NFL,16,0,0,75,75,100.0,25,26,96.2,,,150
18,Chip Lohmiller\lohmichi01,1991,25,2-55,WAS,NFL,16,0,0,56,56,100.0,31,43,72.1,,,149
19,Jay Feely\feelyjay01,2005,29,,NYG,NFL,16,0,0,43,43,100.0,35,42,83.3,,,148
20,Stephen Gostkowski\GostSt20,2008,24,4-118,NWE,NFL,16,0,0,40,40,100.0,36,40,90.0,,,148
21,Harrison Butker\ButkHa00,2019,24,7-233,KAN,NFL,16,0,0,45,48,93.8,34,38,89.5,,,147
22,Gino Cappelletti\CappGi00,1961,27,,BOS,AFL,14,14,8,48,50,96.0,17,32,53.1,,,147
23,John Kasay\kasayjoh01,2011,42,4-98,NOR,NFL,16,0,0,63,63,100.0,28,34,82.4,,,147
24,Graham Gano\GanoGr44,2015,28,,CAR,NFL,16,0,0,56,59,94.9,30,36,83.3,,,146
26,Nate Kaeding\kaedinat01,2009,27,3-65,SDG,NFL,16,0,0,50,51,98.0,32,35,91.4,,,146
27,Robbie Gould\gouldrob01,2017,35,,SFO,NFL,16,0,0,28,30,93.3,39,41,95.1,,,145
28,John Kasay\kasayjoh01,1996,27,4-98,CAR,NFL,16,0,0,34,35,97.1,37,45,82.2,,,145
29,Jim Turner\TurnJi22,1968,27,19-259,NYJ,AFL,14,,0,43,43,100.0,34,46,73.9,,,145
30,Lawrence Tynes\tyneslaw01,2012,34,,NYG,NFL,16,0,0,46,46,100.0,33,39,84.6,,,145
31,Mike Vanderjagt\vandemik01,1999,29,,IND,NFL,16,0,0,43,43,100.0,34,38,89.5,,,145
32,David Akers\akersdav01,2008,34,,PHI,NFL,16,0,0,45,45,100.0,33,40,82.5,,,144
33,Kevin Butler\butlekev01,1985,23,4-105,CHI,NFL,16,0,0,51,51,100.0,31,37,83.8,,,144
34,Wil Lutz\LutzWi00,2019,25,,NOR,NFL,16,0,0,48,49,98.0,32,36,88.9,,,144
35,Olindo Mare\marexoli01,1999,26,,MIA,NFL,16,0,0,27,27,100.0,39,46,84.8,,,144
36,Nick Novak\novaknic01,2013,32,,SDG,NFL,16,0,0,42,42,100.0,34,37,91.9,,,144
37,David Akers\akersdav01,2010,36,,PHI,NFL,16,0,0,47,47,100.0,32,38,84.2,,,143
38,Matt Bryant\bryanmat01,2012,37,,ATL,NFL,16,0,0,44,44,100.0,33,38,86.8,,,143
39,John Carney\carnejoh01,2008,44,,NYG,NFL,15,0,0,38,38,100.0,35,38,92.1,,,143
40,Stephen Gostkowski\GostSt20,2011,27,4-118,NWE,NFL,16,0,0,59,59,100.0,28,33,84.8,,,143
41,Robbie Gould\gouldrob01,2006,24,,CHI,NFL,16,0,0,47,47,100.0,32,36,88.9,,,143
42,Stephen Hauschka\HausSt00,2013,28,,SEA,NFL,16,0,0,44,44,100.0,33,35,94.3,,,143
43,Chris Boswell\BoswCh00,2017,26,,PIT,NFL,16,0,0,37,39,94.9,35,38,92.1,,,142
44,Harrison Butker\ButkHa00,2017,22,7-233,KAN,NFL,13,0,0,28,28,100.0,38,42,90.5,,,142
45,Sebastian Janikowski\janikseb01,2010,32,1-17,OAK,NFL,16,0,0,43,43,100.0,33,41,80.5,,,142
46,Mason Crosby\CrosMa20,2007,23,6-193,GNB,NFL,16,0,0,48,48,100.0,31,39,79.5,,,141
47,Mason Crosby\CrosMa20,2013,29,6-193,GNB,NFL,16,0,0,42,42,100.0,33,37,89.2,,,141
48,Norm Johnson\johnsnor01,1995,35,,PIT,NFL,16,0,0,39,39,100.0,34,41,82.9,,,141
49,Justin Tucker\TuckJu00,2016,27,,BAL,NFL,16,0,0,27,27,100.0,38,39,97.4,,,141
50,Justin Tucker\TuckJu00,2017,28,,BAL,NFL,16,0,0,39,39,100.0,34,37,91.9,,,141
51,Justin Tucker\TuckJu00,2018,29,,BAL,NFL,16,0,0,36,37,97.3,35,39,89.7,,,141
52,Justin Tucker\TuckJu00,2019,30,,BAL,NFL,16,0,0,57,59,96.6,28,29,96.6,,,141
53,Adam Vinatieri\vinatada01,2004,32,,NWE,NFL,16,0,0,48,48,100.0,31,33,93.9,,,141
54,Blair Walsh\WalsBl00,2012,22,6-175,MIN,NFL,16,0,0,36,36,100.0,35,38,92.1,,,141
55,Steve Christie\chrisste01,1998,31,,BUF,NFL,16,0,0,41,41,100.0,33,41,80.5,,,140
56,Mason Crosby\CrosMa20,2011,27,6-193,GNB,NFL,16,0,0,68,69,98.6,24,28,85.7,,,140
57,Phil Dawson\dawsophi01,2013,38,,SFO,NFL,16,0,0,44,44,100.0,32,36,88.9,,,140
58,Tony Franklin\frankton01,1986,30,3-74,NWE,NFL,16,0,0,44,45,97.8,32,41,78.0,,,140
59,Wil Lutz\LutzWi00,2017,23,,NOR,NFL,16,0,0,47,50,94.0,31,36,86.1,,,140
60,Neil Rackers\rackenei01,2005,29,6-169,ARI,NFL,15,0,0,20,20,100.0,40,42,95.2,,,140
61,Justin Tucker\TuckJu00,2013,24,,BAL,NFL,16,0,0,26,26,100.0,38,41,92.7,,,140
62,Adam Vinatieri\vinatada01,2014,42,,IND,NFL,16,0,0,50,50,100.0,30,31,96.8,,,140
63,David Akers\akersdav01,2009,35,,PHI,NFL,16,0,0,43,45,95.6,32,37,86.5,,,139
64,Gary Anderson\andergar02,1985,26,7-171,PIT,NFL,16,0,0,40,40,100.0,33,42,78.6,,,139
65,Nick Lowery\lowernic01,1990,34,,KAN,NFL,16,0,0,37,38,97.4,34,37,91.9,,,139
66,Adam Vinatieri\vinatada01,2013,41,,IND,NFL,15,0,0,34,34,100.0,35,40,87.5,,,139
67,Jay Feely\feelyjay01,2002,26,,ATL,NFL,16,0,0,42,43,97.7,32,40,80.0,,,138
68,Shayne Graham\grahasha01,2012,35,,HOU,NFL,16,0,0,45,45,100.0,31,38,81.6,,,138
69,Dustin Hopkins\HopkDu00,2016,26,6-177,WAS,NFL,16,0,0,36,39,92.3,34,42,81.0,,,138
70,Matt Bryant\bryanmat01,2017,42,,ATL,NFL,16,0,0,35,35,100.0,34,39,87.2,,,137
71,Harrison Butker\ButkHa00,2018,23,7-233,KAN,NFL,16,0,0,65,69,94.2,24,27,88.9,,,137
72,Chandler Catanzaro\CataCh00,2015,24,,ARI,NFL,16,0,0,53,58,91.4,28,31,90.3,,,137
73,Stephen Gostkowski\GostSt20,2007,23,4-118,NWE,NFL,16,0,0,74,74,100.0,21,24,87.5,,,137
74,Gene Mingo\MingGe20,1962,24,,DEN,AFL,14,,4,32,34,94.1,27,39,69.2,,,137
75,Mike Cofer\cofermik01,1989,25,,SFO,NFL,16,0,0,49,51,96.1,29,36,80.6,,,136
76,Al Del Greco\delgralx01,1998,36,,TEN,NFL,16,0,0,28,28,100.0,36,39,92.3,,,136
77,Nate Kaeding\kaedinat01,2006,24,3-65,SDG,NFL,16,0,0,58,58,100.0,26,29,89.7,,,136
78,Wil Lutz\LutzWi00,2018,24,,NOR,NFL,16,0,0,52,53,98.1,28,30,93.3,,,136
79,Ryan Succop\SuccRy44,2017,31,7-256,TEN,NFL,16,0,0,31,33,93.9,35,42,83.3,,,136
80,Dan Bailey\BailDa00,2011,23,,DAL,NFL,16,0,0,39,39,100.0,32,37,86.5,,,135
81,Cary Blanchard\blanccar01,1996,28,,IND,NFL,16,0,0,27,27,100.0,36,40,90.0,,,135
82,John Carney\carnejoh01,1994,30,,SDG,NFL,16,0,0,33,33,100.0,34,38,89.5,,,135
83,Neil Rackers\rackenei01,2011,35,6-169,HOU,NFL,16,0,0,39,40,97.5,32,38,84.2,,,135
84,Matt Stover\stovemat01,2000,32,12-329,BAL,NFL,16,0,0,30,30,100.0,35,39,89.7,,,135
85,Caleb Sturgis\SturCa00,2016,27,5-166,PHI,NFL,16,0,0,30,31,96.8,35,41,85.4,,,135
86,Blair Walsh\WalsBl00,2015,25,6-175,MIN,NFL,16,0,0,33,37,89.2,34,39,87.2,,,135
87,Josh Brown\brownjos01,2015,36,7-222,NYG,NFL,16,0,0,44,45,97.8,30,32,93.8,,,134
88,Mason Crosby\CrosMa20,2014,30,6-193,GNB,NFL,16,0,0,53,55,96.4,27,33,81.8,,,134
89,Jason Hanson\hansojas01,2012,42,2-56,DET,NFL,16,0,0,38,38,100.0,32,36,88.9,,,134
90,Stephen Hauschka\HausSt00,2014,29,,SEA,NFL,16,0,0,41,41,100.0,31,37,83.8,,,134
91,Mike Hollis\hollimik01,1997,25,,JAX,NFL,16,0,0,41,41,100.0,31,36,86.1,,,134
92,Todd Peterson\petertod01,1999,29,7-177,SEA,NFL,16,0,0,32,32,100.0,34,40,85.0,,,134
93,Matt Stover\stovemat01,2003,35,12-329,BAL,NFL,16,0,0,35,35,100.0,33,38,86.8,,,134
94,David Akers\akersdav01,2002,28,,PHI,NFL,16,0,0,43,43,100.0,30,34,88.2,,,133
95,Rob Bironas\bironrob01,2007,29,,TEN,NFL,16,0,0,28,28,100.0,35,39,89.7,,,133
96,Dan Carpenter\CarpDa44,2014,29,,BUF,NFL,16,0,0,31,32,96.9,34,38,89.5,,,133
97,Wil Lutz\LutzWi00,2016,22,,NOR,NFL,16,0,0,49,50,98.0,28,34,82.4,,,133
98,Matt Prater\PratMa20,2012,28,,DEN,NFL,16,0,0,55,55,100.0,26,32,81.3,,,133
99,Gino Cappelletti\CappGi00,1965,31,,BOS,AFL,14,,9,27,27,100.0,17,27,63.0,,,132
100,Jason Elam\elamxjas01,1995,25,3-70,DEN,NFL,16,0,0,39,39,100.0,31,38,81.6,,,132
101,Jason Hanson\hansojas01,1995,25,2-56,DET,NFL,16,0,0,48,48,100.0,28,34,82.4,,,132
102,Jeff Jaeger\jaegejef01,1993,29,3-82,RAI,NFL,16,0,0,27,29,93.1,35,44,79.5,,,132
103,Ryan Longwell\longwrya01,2009,35,,MIN,NFL,16,0,0,54,55,98.2,26,28,92.9,,,132
104,Mike Nugent\nugenmik01,2011,29,2-47,CIN,NFL,16,0,0,33,34,97.1,33,38,86.8,,,132
105,Fuad Reveiz\reveifua01,1994,31,7-195,MIN,NFL,16,0,0,30,30,100.0,34,39,87.2,,,132
106,Shaun Suisham\suishsha01,2014,33,,PIT,NFL,16,0,0,45,45,100.0,29,32,90.6,,,132
107,Justin Tucker\TuckJu00,2012,23,,BAL,NFL,16,0,0,42,42,100.0,30,33,90.9,,,132
108,David Akers\akersdav01,2012,38,,SFO,NFL,16,0,0,44,44,100.0,29,42,69.0,,,131
109,Dan Bailey\BailDa00,2013,25,,DAL,NFL,16,0,0,47,47,100.0,28,30,93.3,,,131
110,Dan Bailey\BailDa00,2014,26,,DAL,NFL,16,0,0,56,56,100.0,25,29,86.2,,,131
111,Matt Bryant\bryanmat01,2008,33,,TAM,NFL,16,0,0,35,36,97.2,32,38,84.2,,,131
112,Dan Carpenter\CarpDa44,2013,28,,BUF,NFL,16,0,0,32,32,100.0,33,36,91.7,,,131
113,Al Del Greco\delgralx01,1996,34,,HOU,NFL,16,0,0,35,35,100.0,32,38,84.2,,,131
114,Nick Folk\FolkNi20,2007,23,6-178,DAL,NFL,16,0,0,53,53,100.0,26,31,83.9,,,131
115,Shayne Graham\grahasha01,2005,28,,CIN,NFL,16,0,0,47,47,100.0,28,32,87.5,,,131
116,Chip Lohmiller\lohmichi01,1990,24,2-55,WAS,NFL,16,0,0,41,41,100.0,30,40,75.0,,,131
117,Ryan Longwell\longwrya01,2000,26,,GNB,NFL,16,0,0,32,32,100.0,33,38,86.8,,,131
118,Ray Wersching\werscray01,1984,34,,SFO,NFL,16,0,0,56,56,100.0,25,35,71.4,,,131
119,Jeff Wilkins\wilkijef01,2006,34,,STL,NFL,16,0,0,35,35,100.0,32,37,86.5,,,131
120,Randy Bullock\BullRa00,2014,25,5-161,HOU,NFL,16,0,0,40,40,100.0,30,35,85.7,,,130
121,John Carney\carnejoh01,2002,38,,NOR,NFL,16,0,0,37,37,100.0,31,35,88.6,,,130
122,Kai Forbath\ForbKa00,2017,30,,MIN,NFL,16,0,0,34,39,87.2,32,38,84.2,,,130
123,Stephen Gostkowski\GostSt20,2018,34,4-118,NWE,NFL,16,0,0,49,50,98.0,27,32,84.4,,,130
124,Shayne Graham\grahasha01,2007,30,,CIN,NFL,16,0,0,37,37,100.0,31,34,91.2,,,130
125,Jason Hanson\hansojas01,1993,23,2-56,DET,NFL,16,0,0,28,28,100.0,34,43,79.1,,,130
126,Mike Hollis\hollimik01,1999,27,,JAX,NFL,16,0,0,37,37,100.0,31,38,81.6,,,130
127,John Kasay\kasayjoh01,2008,39,4-98,CAR,NFL,16,0,0,46,46,100.0,28,31,90.3,,,130
128,Matt Prater\PratMa20,2017,33,,DET,NFL,16,0,0,40,41,97.6,30,35,85.7,,,130
129,David Ray\RayxDa21,1973,29,16-243,RAM,NFL,14,0,0,40,42,95.2,30,47,63.8,,,130
130,Jeff Wilkins\wilkijef01,1996,24,,SFO,NFL,16,0,0,40,40,100.0,30,34,88.2,,,130
131,Mason Crosby\CrosMa20,2009,25,6-193,GNB,NFL,16,0,0,48,49,98.0,27,36,75.0,,,129
132,Jason Elam\elamxjas01,2004,34,3-70,DEN,NFL,16,0,0,42,42,100.0,29,34,85.3,,,129
133,Jason Elam\elamxjas01,2008,38,3-70,ATL,NFL,16,0,0,42,42,100.0,29,31,93.5,,,129
134,Sebastian Janikowski\janikseb01,2011,33,1-17,OAK,NFL,15,0,0,36,36,100.0,31,35,88.6,,,129
135,Jason Myers\MyerJa00,2018,27,,NYJ,NFL,16,0,0,30,33,90.9,33,36,91.7,,,129
136,Scott Norwood\norwosco01,1988,28,,BUF,NFL,16,0,0,33,33,100.0,32,37,86.5,,,129
137,Cairo Santos\SantCa01,2015,24,,KAN,NFL,16,0,0,39,41,95.1,30,37,81.1,,,129
138,Cairo Santos\SantCa01,2016,25,,KAN,NFL,16,0,0,36,39,92.3,31,35,88.6,,,129
139,John Smith\smithjoh01,1980,31,,NWE,NFL,16,0,0,51,51,100.0,26,34,76.5,,,129
140,Jan Stenerud*\stenejan01,1968,26,,KAN,AFL,14,,0,39,40,97.5,30,40,75.0,,,129
141,Shaun Suisham\suishsha01,2013,32,,PIT,NFL,16,0,0,39,39,100.0,30,32,93.8,,,129
142,Justin Tucker\TuckJu00,2014,25,,BAL,NFL,16,0,0,42,42,100.0,29,34,85.3,,,129
143,Jim Turner\TurnJi22,1969,28,19-259,NYJ,AFL,14,,0,33,33,100.0,32,47,68.1,,,129
144,Adam Vinatieri\vinatada01,2010,38,,IND,NFL,16,0,0,51,51,100.0,26,28,92.9,,,129
145,Matt Bryant\bryanmat01,2010,35,,ATL,NFL,16,0,0,44,44,100.0,28,31,90.3,,,128
146,Gino Cappelletti\CappGi00,1962,28,,BOS,AFL,14,,5,38,40,95.0,20,37,54.1,,,128
147,Cookie Gilchrist\GilcCo00,1962,27,,BUF,AFL,14,,15,14,17,82.4,8,20,40.0,,,128
148,Martin Gramatica\gramamar01,2002,27,3-80,TAM,NFL,16,0,0,32,32,100.0,32,39,82.1,,,128
149,Stephen Hauschka\HausSt00,2016,31,,SEA,NFL,16,0,0,29,35,82.9,33,37,89.2,,,128
150,Chris Jacke\jackechr01,1993,27,6-142,GNB,NFL,16,0,0,35,35,100.0,31,37,83.8,,,128
151,Sebastian Janikowski\janikseb01,2002,24,1-17,OAK,NFL,16,0,0,50,50,100.0,26,33,78.8,,,128
152,Chip Lohmiller\lohmichi01,1989,23,2-55,WAS,NFL,16,0,0,41,41,100.0,29,40,72.5,,,128
153,Ryan Longwell\longwrya01,1998,24,,GNB,NFL,16,0,0,41,43,95.3,29,33,87.9,,,128
154,Ryan Longwell\longwrya01,2002,28,,GNB,NFL,16,0,0,44,44,100.0,28,34,82.4,,,128
155,Chester Marcol\marcoche01,1972,23,2-34,GNB,NFL,14,0,0,29,29,100.0,33,48,68.8,,,128
156,Caleb Sturgis\SturCa00,2014,25,5-166,MIA,NFL,16,0,0,41,41,100.0,29,37,78.4,,,128
157,Justin Tucker\TuckJu00,2015,26,,BAL,NFL,16,0,0,29,29,100.0,33,40,82.5,,,128
158,Dan Bailey\BailDa00,2016,28,,DAL,NFL,16,0,0,46,46,100.0,27,32,84.4,,,127
159,Rob Bironas\bironrob01,2008,30,,TEN,NFL,16,0,0,40,40,100.0,29,33,87.9,,,127
160,Chris Boniol\boniochr01,1995,24,,DAL,NFL,16,0,0,46,48,95.8,27,28,96.4,,,127
161,Josh Brown\brownjos01,2007,28,7-222,SEA,NFL,16,0,0,43,43,100.0,28,34,82.4,,,127
162,Matt Bryant\bryanmat01,2014,39,,ATL,NFL,16,0,0,40,40,100.0,29,32,90.6,,,127
163,Mason Crosby\CrosMa20,2008,24,6-193,GNB,NFL,16,0,0,46,46,100.0,27,34,79.4,,,127
164,Richie Cunningham\cunniric01,1998,28,,DAL,NFL,16,0,0,40,40,100.0,29,35,82.9,,,127
165,Jason Elam\elamxjas01,1998,28,3-70,DEN,NFL,16,0,0,58,58,100.0,23,27,85.2,,,127
166,Jay Feely\feelyjay01,2013,37,,ARI,NFL,16,0,0,37,37,100.0,30,36,83.3,,,127
167,Nick Folk\FolkNi20,2010,26,6-178,NYJ,NFL,16,0,0,37,37,100.0,30,39,76.9,,,127
168,Zane Gonzalez\GonzZa00,2019,24,7-224,ARI,NFL,16,0,0,34,35,97.1,31,35,88.6,,,127
169,Stephen Gostkowski\GostSt20,2016,32,4-118,NWE,NFL,16,0,0,46,49,93.9,27,32,84.4,,,127
170,Robbie Gould\gouldrob01,2015,33,,CHI,NFL,16,0,0,28,29,96.6,33,39,84.6,,,127
171,Ali Haji-Sheikh\hajisali01,1983,22,9-237,NYG,NFL,16,0,0,22,23,95.7,35,42,83.3,,,127
172,Stephen Hauschka\HausSt00,2015,30,,SEA,NFL,16,0,0,40,44,90.9,29,31,93.5,,,127
173,Nate Kaeding\kaedinat01,2008,26,3-65,SDG,NFL,16,0,0,46,46,100.0,27,32,84.4,,,127
174,Ryan Longwell\longwrya01,2008,34,,MIN,NFL,16,0,0,40,40,100.0,29,34,85.3,,,127
175,Nick Novak\novaknic01,2016,35,,HOU,NFL,16,0,0,22,25,88.0,35,41,85.4,,,127
176,Aldrick Rosas\RosaAl00,2018,24,,NYG,NFL,16,0,0,31,32,96.9,32,33,97.0,,,127
177,Adam Vinatieri\vinatada01,1998,26,,NWE,NFL,16,0,0,32,32,100.0,31,39,79.5,1,,127
178,Jeff Wilkins\wilkijef01,2001,29,,STL,NFL,16,0,0,58,58,100.0,23,29,79.3,,,127
179,Matt Bryant\bryanmat01,2011,36,,ATL,NFL,16,0,0,45,45,100.0,27,29,93.1,,,126
180,Steve Christie\chrisste01,1995,28,,BUF,NFL,16,0,0,33,35,94.3,31,40,77.5,,,126
181,Richie Cunningham\cunniric01,1997,27,,DAL,NFL,16,0,0,24,24,100.0,34,37,91.9,,,126
182,Al Del Greco\delgralx01,1993,31,,HOU,NFL,16,0,0,39,40,97.5,29,34,85.3,,,126
183,Nick Folk\FolkNi20,2013,29,6-178,NYJ,NFL,16,0,0,27,27,100.0,33,36,91.7,,,126
184,Robbie Gould\gouldrob01,2018,36,,SFO,NFL,16,0,0,27,29,93.1,33,34,97.1,,,126
185,Robbie Gould\gouldrob01,2007,25,,CHI,NFL,16,0,0,33,33,100.0,31,36,86.1,,,126
186,Martin Gramatica\gramamar01,2000,25,3-80,TAM,NFL,16,0,0,42,42,100.0,28,34,82.4,,,126
187,Jason Hanson\hansojas01,2011,41,2-56,DET,NFL,16,0,0,54,54,100.0,24,29,82.8,,,126
188,Joe Nedney\nednejoe01,2000,27,,2TM,NFL,15,0,0,24,24,100.0,34,38,89.5,,,126
189,Lawrence Tynes\tyneslaw01,2009,31,,NYG,NFL,16,0,0,45,45,100.0,27,32,84.4,,,126
190,Ray Wersching\werscray01,1983,33,,SFO,NFL,16,0,0,51,51,100.0,25,30,83.3,,,126
191,Gary Anderson\andergar02,1997,38,7-171,SFO,NFL,16,0,0,38,38,100.0,29,36,80.6,,,125
192,Josh Brown\brownjos01,2010,31,7-222,STL,NFL,16,0,0,26,27,96.3,33,39,84.6,,,125
193,Fred Cox\CoxxFr20,1970,32,8-110 28-221AFL,MIN,NFL,14,0,0,35,35,100.0,30,46,65.2,,,125
194,Stephen Gostkowski\GostSt20,2009,25,4-118,NWE,NFL,16,0,0,47,47,100.0,26,31,83.9,,,125
195,John Kasay\kasayjoh01,2003,34,4-98,CAR,NFL,16,0,0,29,30,96.7,32,38,84.2,,,125
196,Brandon McManus\McMaBr01,2015,24,,DEN,NFL,16,0,0,35,36,97.2,30,35,85.7,,,125
197,Lawrence Tynes\tyneslaw01,2005,27,,KAN,NFL,16,0,0,44,45,97.8,27,33,81.8,,,125
198,Mike Vanderjagt\vandemik01,2001,31,,IND,NFL,16,0,0,41,42,97.6,28,34,82.4,,,125
199,Adam Vinatieri\vinatada01,2016,44,,IND,NFL,16,0,0,44,44,100.0,27,31,87.1,,,125
200,Dan Bailey\BailDa00,2012,24,,DAL,NFL,16,0,0,37,37,100.0,29,31,93.5,,,124
201,Kris Brown\brownkri01,2001,25,7-228,PIT,NFL,16,0,0,34,37,91.9,30,44,68.2,,,124
202,Kris Brown\brownkri01,2008,32,7-228,HOU,NFL,16,0,0,37,37,100.0,29,33,87.9,,,124
203,John Carney\carnejoh01,1993,29,,SDG,NFL,16,0,0,31,33,93.9,31,40,77.5,,,124
204,Mason Crosby\CrosMa20,2018,34,6-193,GNB,NFL,16,0,0,34,36,94.4,30,37,81.1,,,124
205,Jason Elam\elamxjas01,1997,27,3-70,DEN,NFL,15,0,0,46,46,100.0,26,36,72.2,,,124
206,Jason Elam\elamxjas01,2001,31,3-70,DEN,NFL,16,0,0,31,31,100.0,31,36,86.1,,,124
207,Matt Gay\GayxMa00,2019,25,5-145,TAM,NFL,16,0,0,43,48,89.6,27,35,77.1,,,124
208,Sebastian Janikowski\janikseb01,2016,38,1-17,OAK,NFL,16,0,0,37,39,94.9,29,35,82.9,,,124
209,Rian Lindell\linderia01,2008,31,,BUF,NFL,16,0,0,34,34,100.0,30,38,78.9,,,124
210,Matt Prater\PratMa20,2016,32,,DET,NFL,16,0,0,31,33,93.9,31,36,86.1,,,124
211,Neil Rackers\rackenei01,2010,34,6-169,HOU,NFL,16,0,0,43,43,100.0,27,30,90.0,,,124
212,Jeff Reed\reedxjef01,2004,25,,PIT,NFL,16,0,0,40,40,100.0,28,33,84.8,,,124
213,Pete Stoyanovich\stoyapet01,1992,25,8-203,MIA,NFL,16,0,0,34,36,94.4,30,37,81.1,,,124
214,Jeff Wilkins\wilkijef01,1999,27,,STL,NFL,16,0,0,64,64,100.0,20,28,71.4,,,124
215,Gary Anderson\andergar02,2003,44,7-171,TEN,NFL,15,0,0,42,42,100.0,27,31,87.1,,,123
216,Connor Barth\barthco01,2012,26,,TAM,NFL,15,0,0,39,39,100.0,28,33,84.8,,,123
217,Roy Gerela\GereRo20,1973,25,4-96,PIT,NFL,14,0,0,36,37,97.3,29,43,67.4,,,123
218,Robbie Gould\gouldrob01,2013,31,,CHI,NFL,16,0,0,45,46,97.8,26,29,89.7,,,123
219,Gene Mingo\MingGe20,1960,22,,DEN,AFL,14,7,6,33,36,91.7,18,28,64.3,,,123
220,Rafael Septien\septiraf01,1983,30,10-258,DAL,NFL,16,0,0,57,59,96.6,22,27,81.5,,,123
221,David Akers\akersdav01,2004,30,,PHI,NFL,16,0,0,41,42,97.6,27,32,84.4,,,122
222,Morten Andersen*\andermor01,1995,35,4-86,ATL,NFL,16,0,0,29,30,96.7,31,37,83.8,,,122
223,Mason Crosby\CrosMa20,2016,32,6-193,GNB,NFL,16,0,0,44,47,93.6,26,30,86.7,,,122
224,Billy Cundiff\cundibil01,2011,31,,BAL,NFL,15,0,0,38,38,100.0,28,37,75.7,,,122
225,Jay Feely\feelyjay01,2009,33,,NYJ,NFL,16,0,0,32,32,100.0,30,36,83.3,,,122
226,Shayne Graham\grahasha01,2004,27,,CIN,NFL,16,0,0,41,41,100.0,27,31,87.1,,,122
227,Jason Hanson\hansojas01,2007,37,2-56,DET,NFL,16,0,0,35,36,97.2,29,35,82.9,,,122
228,Eddie Murray\murraedd01,1993,37,7-166,DAL,NFL,14,0,0,38,38,100.0,28,33,84.8,,,122
229,Nick Novak\novaknic01,2011,30,,SDG,NFL,15,0,0,41,42,97.6,27,34,79.4,,,122
230,Matt Prater\PratMa20,2009,25,,DEN,NFL,16,0,0,32,32,100.0,30,35,85.7,,,122
231,Jeff Reed\reedxjef01,2009,30,,PIT,NFL,16,0,0,41,41,100.0,27,31,87.1,,,122
232,Fuad Reveiz\reveifua01,1995,32,7-195,MIN,NFL,16,0,0,44,44,100.0,26,36,72.2,,,122
233,Matt Stover\stovemat01,2008,40,12-329,BAL,NFL,16,0,0,41,41,100.0,27,33,81.8,,,122
234,David Akers\akersdav01,2000,26,,PHI,NFL,16,0,0,34,36,94.4,29,33,87.9,,,121
235,Morten Andersen*\andermor01,1987,27,4-86,NOR,NFL,12,0,0,37,37,100.0,28,36,77.8,,,121
236,Dan Bailey\BailDa00,2019,31,,MIN,NFL,16,0,0,40,44,90.9,27,29,93.1,,,121
237,Rob Bironas\bironrob01,2011,33,,TEN,NFL,16,0,0,34,34,100.0,29,32,90.6,,,121
238,Mike Cofer\cofermik01,1988,24,,SFO,NFL,16,0,0,40,41,97.6,27,38,71.1,,,121
239,Fred Cox\CoxxFr20,1969,31,8-110 28-221AFL,MIN,NFL,14,,0,43,43,100.0,26,37,70.3,,,121
240,Graham Gano\GanoGr44,2017,30,,CAR,NFL,16,0,0,34,37,91.9,29,30,96.7,,,121
241,Graham Gano\GanoGr44,2014,27,,CAR,NFL,16,0,0,34,34,100.0,29,35,82.9,,,121
242,Graham Gano\GanoGr44,2016,29,,CAR,NFL,16,0,0,31,34,91.2,30,38,78.9,,,121
243,Robbie Gould\gouldrob01,2011,29,,CHI,NFL,16,0,0,37,37,100.0,28,32,87.5,,,121
244,Bobby Howfield\HowfBo20,1972,36,,NYJ,NFL,14,0,0,40,41,97.6,27,37,73.0,,,121
245,John Kasay\kasayjoh01,2005,36,4-98,CAR,NFL,16,0,0,43,44,97.7,26,34,76.5,,,121
246,Pat Leahy\leahypat01,1985,34,,NYJ,NFL,16,0,0,43,45,95.6,26,34,76.5,,,121
247,Eddie Murray\murraedd01,1981,25,7-166,DET,NFL,16,0,0,46,46,100.0,25,35,71.4,,,121
248,Joe Nedney\nednejoe01,2008,35,,SFO,NFL,16,0,0,34,34,100.0,29,33,87.9,,,121
249,Doug Pelfrey\pelfrdou01,1995,25,8-202,CIN,NFL,16,0,0,34,34,100.0,29,36,80.6,,,121
250,David Ray\RayxDa21,1970,26,16-243,RAM,NFL,14,0,0,34,34,100.0,29,45,64.4,,,121
251,Rafael Septien\septiraf01,1981,28,10-258,DAL,NFL,16,0,0,40,40,100.0,27,35,77.1,,,121
252,Matt Stover\stovemat01,2006,38,12-329,BAL,NFL,16,0,0,37,37,100.0,28,30,93.3,,,121
253,Pete Stoyanovich\stoyapet01,1991,24,8-203,MIA,NFL,14,0,0,28,29,96.6,31,37,83.8,,,121
254,Mike Vanderjagt\vandemik01,2000,30,,IND,NFL,16,0,0,46,46,100.0,25,27,92.6,,,121
255,Mike Vanderjagt\vandemik01,2005,35,,IND,NFL,16,0,0,52,52,100.0,23,25,92.0,,,121
256,Blair Walsh\WalsBl00,2013,23,6-175,MIN,NFL,16,0,0,43,44,97.7,26,30,86.7,,,121
257,Morten Andersen*\andermor01,1992,32,4-86,NOR,NFL,16,0,0,33,34,97.1,29,34,85.3,,,120
258,Morten Andersen*\andermor01,1985,25,4-86,NOR,NFL,16,0,0,27,29,93.1,31,35,88.6,,,120
259,Morten Andersen*\andermor01,1998,38,4-86,ATL,NFL,16,0,0,51,52,98.1,23,28,82.1,,,120
260,Chris Boniol\boniochr01,1996,25,,DAL,NFL,16,0,0,24,25,96.0,32,36,88.9,,,120
261,Jim Breech\breecjim01,1985,29,8-206,CIN,NFL,16,0,0,48,50,96.0,24,33,72.7,,,120
262,Kevin Butler\butlekev01,1986,24,4-105,CHI,NFL,16,0,0,36,37,97.3,28,41,68.3,,,120
263,Phil Dawson\dawsophi01,2007,32,,CLE,NFL,16,0,0,42,43,97.7,26,30,86.7,,,120
264,Jason Elam\elamxjas01,2002,32,3-70,DEN,NFL,16,0,0,42,43,97.7,26,36,72.2,,,120
265,Jason Elam\elamxjas01,2003,33,3-70,DEN,NFL,16,0,0,39,39,100.0,27,31,87.1,,,120
266,John Hall\hallxjoh01,1997,23,,NYJ,NFL,16,0,0,36,36,100.0,28,41,68.3,,,120
267,John Hall\hallxjoh01,1998,24,,NYJ,NFL,16,0,0,45,46,97.8,25,35,71.4,,,120
268,Rich Karlis\karliric01,1989,30,,MIN,NFL,13,0,0,27,28,96.4,31,39,79.5,,,120
269,Josh Lambo\LambJo00,2016,26,,SDG,NFL,16,0,0,42,46,91.3,26,32,81.3,,,120
270,Mike Lansford\lansfmik01,1989,31,12-312,RAM,NFL,16,0,0,51,51,100.0,23,30,76.7,,,120
271,Chip Lohmiller\lohmichi01,1992,26,2-55,WAS,NFL,16,0,0,30,30,100.0,30,40,75.0,,,120
272,Ryan Longwell\longwrya01,2003,29,,GNB,NFL,16,0,0,51,51,100.0,23,26,88.5,,,120
273,Ryan Longwell\longwrya01,2004,30,,GNB,NFL,16,0,0,48,48,100.0,24,28,85.7,,,120
274,Ryan Longwell\longwrya01,1997,23,,GNB,NFL,16,0,0,48,48,100.0,24,30,80.0,,,120
275,Mark Moseley\moselmar01,1984,36,14-346,WAS,NFL,16,0,0,48,51,94.1,24,31,77.4,,,120
276,David Treadwell\treaddav01,1989,24,,DEN,NFL,16,0,0,39,40,97.5,27,33,81.8,,,120
277,Adam Vinatieri\vinatada01,1996,24,,NWE,NFL,16,0,0,39,42,92.9,27,35,77.1,,,120
278,Gary Anderson\andergar02,1983,24,7-171,PIT,NFL,16,0,0,38,39,97.4,27,31,87.1,,,119
279,Gino Cappelletti\CappGi00,1966,32,,BOS,AFL,14,,6,35,36,97.2,16,32,50.0,,,119
280,Phil Dawson\dawsophi01,2017,42,,ARI,NFL,16,0,0,23,26,88.5,32,40,80.0,,,119
281,Jason Elam\elamxjas01,1993,23,3-70,DEN,NFL,16,0,0,41,42,97.6,26,35,74.3,,,119
282,Jason Elam\elamxjas01,1994,24,3-70,DEN,NFL,16,0,0,29,29,100.0,30,37,81.1,,,119
283,Lin Elliott\elliolin01,1992,24,,DAL,NFL,16,0,0,47,48,97.9,24,35,68.6,,,119
284,Nick Folk\FolkNi20,2014,30,6-178,NYJ,NFL,16,0,0,23,23,100.0,32,39,82.1,,,119
285,Roy Gerela\GereRo20,1972,24,4-96,PIT,NFL,14,0,0,35,36,97.2,28,41,68.3,,,119
286,Robbie Gould\gouldrob01,2008,26,,CHI,NFL,16,0,0,41,41,100.0,26,29,89.7,,,119
287,Brett Maher\MaheBr01,2018,29,,DAL,NFL,16,0,0,32,33,97.0,29,36,80.6,,,119
288,Brandon McManus\McMaBr01,2016,25,,DEN,NFL,16,0,0,32,33,97.0,29,34,85.3,,,119
289,Neil Rackers\rackenei01,2008,32,6-169,ARI,NFL,16,0,0,44,44,100.0,25,28,89.3,,,119
290,Josh Scobee\scobejos01,2006,24,5-137,JAX,NFL,16,0,0,41,41,100.0,26,32,81.3,,,119
291,Jan Stenerud*\stenejan01,1969,27,,KAN,AFL,14,,0,38,38,100.0,27,35,77.1,,,119
292,Mike Vanderjagt\vandemik01,2004,34,,IND,NFL,15,0,0,59,60,98.3,20,25,80.0,,,119
293,Gary Anderson\andergar02,1988,29,7-171,PIT,NFL,16,0,0,34,35,97.1,28,36,77.8,,,118
294,Rolf Benirschke\benirrol01,1980,25,12-334,SDG,NFL,16,0,0,46,48,95.8,24,36,66.7,,,118
295,Rob Bironas\bironrob01,2009,31,,TEN,NFL,16,0,0,37,37,100.0,27,32,84.4,,,118
296,Scott Blanton\blantsco01,1996,23,,WAS,NFL,16,0,0,40,40,100.0,26,32,81.3,,,118
297,Matt Bryant\bryanmat01,2007,32,,TAM,NFL,16,0,0,34,34,100.0,28,33,84.8,,,118
298,John Carney\carnejoh01,1996,32,,SDG,NFL,16,0,0,31,31,100.0,29,36,80.6,,,118
299,Frank Corral\corrafra01,1978,23,3-78,RAM,NFL,16,0,0,31,33,93.9,29,43,67.4,,,118
300,Al Del Greco\delgralx01,2000,38,,TEN,NFL,16,0,0,37,38,97.4,27,33,81.8,,,118
301,Graham Gano\GanoGr44,2011,24,,WAS,NFL,16,0,0,25,26,96.2,31,41,75.6,,,118
302,Stephen Hauschka\HausSt00,2012,27,,SEA,NFL,16,0,0,46,48,95.8,24,27,88.9,,,118
303,Alex Henery\HeneAl00,2011,24,4-120,PHI,NFL,16,0,0,46,46,100.0,24,27,88.9,,,118
304,Sebastian Janikowski\janikseb01,2012,34,1-17,OAK,NFL,16,0,0,25,25,100.0,31,34,91.2,,,118
305,Nate Kaeding\kaedinat01,2007,25,3-65,SDG,NFL,16,0,0,46,46,100.0,24,27,88.9,,,118
306,Josh Lambo\LambJo00,2019,29,,JAX,NFL,16,0,0,19,20,95.0,33,34,97.1,,,118
307,Pete Stoyanovich\stoyapet01,1995,28,8-203,MIA,NFL,16,0,0,37,37,100.0,27,34,79.4,,,118
308,Ryan Succop\SuccRy44,2013,27,7-256,KAN,NFL,16,0,0,52,52,100.0,22,28,78.6,,,118
309,Shaun Suisham\suishsha01,2012,31,,PIT,NFL,16,0,0,34,34,100.0,28,31,90.3,,,118
310,Adam Vinatieri\vinatada01,2007,35,,IND,NFL,16,0,0,49,51,96.1,23,29,79.3,,,118
311,Ken Willis\williken01,1991,25,,DAL,NFL,16,0,0,37,37,100.0,27,39,69.2,,,118
312,Morten Andersen*\andermor01,1993,33,4-86,NOR,NFL,16,0,0,33,33,100.0,28,35,80.0,,,117
313,Morten Andersen*\andermor01,2002,42,4-86,KAN,NFL,14,0,0,51,51,100.0,22,26,84.6,,,117
314,Gary Anderson\andergar02,1984,25,7-171,PIT,NFL,16,0,0,45,45,100.0,24,32,75.0,,,117
315,Matt Bahr\bahrxmat01,1994,38,6-165,NWE,NFL,16,0,0,36,36,100.0,27,34,79.4,,,117
316,Jim Bakken\BakkJi20,1967,27,7-88,STL,NFL,14,,0,36,36,100.0,27,39,69.2,,,117
317,Cary Blanchard\blanccar01,1997,29,,IND,NFL,16,0,0,21,21,100.0,32,41,78.0,,,117
318,George Blanda*\BlanGe00,1968,41,12-119,OAK,AFL,14,1,0,54,54,100.0,21,34,61.8,,,117
319,Billy Cundiff\cundibil01,2010,30,,BAL,NFL,16,0,0,39,39,100.0,26,29,89.7,,,117
320,Jake Elliott\ElliJa03,2017,22,5-153,PHI,NFL,15,0,0,39,42,92.9,26,31,83.9,,,117
321,Jason Hanson\hansojas01,1997,27,2-56,DET,NFL,16,0,0,39,40,97.5,26,29,89.7,,,117
322,Jason Hanson\hansojas01,2006,36,2-56,DET,NFL,16,0,0,30,30,100.0,29,33,87.9,,,117
323,Mike Hollis\hollimik01,1996,24,,JAX,NFL,16,0,0,27,27,100.0,30,36,83.3,,,117
324,Mike Lansford\lansfmik01,1988,30,12-312,RAM,NFL,16,0,0,45,48,93.8,24,32,75.0,,,117
325,Rian Lindell\linderia01,2004,27,,BUF,NFL,16,0,0,45,45,100.0,24,28,85.7,,,117
326,Olindo Mare\marexoli01,2000,27,,MIA,NFL,16,0,0,33,34,97.1,28,31,90.3,,,117
327,Olindo Mare\marexoli01,1997,24,,MIA,NFL,16,0,0,33,33,100.0,28,36,77.8,,,117
328,Mike Nugent\nugenmik01,2014,32,2-47,CIN,NFL,16,0,0,39,39,100.0,26,33,78.8,,,117
329,Mike Nugent\nugenmik01,2015,33,2-47,CIN,NFL,16,0,0,48,49,98.0,23,28,82.1,,,117
330,Neil O'Donoghue\odononei02,1984,31,5-127,STL,NFL,16,0,0,48,51,94.1,23,35,65.7,,,117
331,Jeff Reed\reedxjef01,2005,26,,PIT,NFL,16,0,0,45,45,100.0,24,29,82.8,,,117
332,Jeff Reed\reedxjef01,2008,29,,PIT,NFL,16,0,0,36,37,97.3,27,31,87.1,,,117
333,Matt Stover\stovemat01,2004,36,12-329,BAL,NFL,16,0,0,30,30,100.0,29,32,90.6,,,117
334,Adam Vinatieri\vinatada01,2002,30,,NWE,NFL,16,0,0,36,36,100.0,27,30,90.0,,,117
335,Jeff Wilkins\wilkijef01,2005,33,,STL,NFL,16,0,0,36,36,100.0,27,31,87.1,,,117
336,Garo Yepremian\yepregar01,1971,27,,MIA,NFL,14,0,0,33,33,100.0,28,40,70.0,,,117
337,Morten Andersen*\andermor01,1994,34,4-86,NOR,NFL,16,0,0,32,32,100.0,28,39,71.8,,,116
338,Gary Anderson\andergar02,1993,34,7-171,PIT,NFL,16,0,0,32,32,100.0,28,30,93.3,,,116
339,Rob Bironas\bironrob01,2013,35,,TEN,NFL,16,0,0,41,41,100.0,25,29,86.2,,,116
340,George Blanda*\BlanGe00,1967,40,12-119,OAK,AFL,14,,0,56,57,98.2,20,30,66.7,,,116
341,Josh Brown\brownjos01,2014,35,7-222,NYG,NFL,16,0,0,44,44,100.0,24,26,92.3,,,116
342,Phil Dawson\dawsophi01,2012,37,,CLE,NFL,16,0,0,29,29,100.0,29,31,93.5,,,116
343,Jason Elam\elamxjas01,1999,29,3-70,DEN,NFL,16,0,0,29,29,100.0,29,36,80.6,,,116
344,Stephen Hauschka\HausSt00,2017,32,,BUF,NFL,16,0,0,29,29,100.0,29,33,87.9,,,116
345,Jeff Jaeger\jaegejef01,1991,27,3-82,RAI,NFL,16,0,0,29,30,96.7,29,34,85.3,,,116
346,Nick Lowery\lowernic01,1983,27,,KAN,NFL,16,0,0,44,45,97.8,24,30,80.0,,,116
347,Paul McFadden\mcfadpau01,1984,23,12-312,PHI,NFL,16,0,0,26,27,96.3,30,37,81.1,,,116
348,Eddie Murray\murraedd01,1980,24,7-166,DET,NFL,16,0,0,35,36,97.2,27,42,64.3,,,116
349,Joe Nedney\nednejoe01,2006,33,,SFO,NFL,16,0,0,29,29,100.0,29,35,82.9,,,116
350,Neil Rackers\rackenei01,2006,30,6-169,ARI,NFL,16,0,0,32,32,100.0,28,37,75.7,,,116
351,Fuad Reveiz\reveifua01,1985,22,7-195,MIA,NFL,16,0,0,50,52,96.2,22,27,81.5,,,116
352,Jan Stenerud*\stenejan01,1970,28,,KAN,NFL,14,0,0,26,26,100.0,30,42,71.4,,,116
353,Matt Stover\stovemat01,1999,31,12-329,BAL,NFL,16,0,0,32,32,100.0,28,33,84.8,,,116
354,Shaun Suisham\suishsha01,2007,26,,WAS,NFL,16,0,0,29,30,96.7,29,35,82.9,,,116
355,Ray Wersching\werscray01,1986,36,,SFO,NFL,16,0,0,41,42,97.6,25,35,71.4,,,116
356,Greg Zuerlein\ZuerGr00,2018,31,6-171,LAR,NFL,11,0,0,35,36,97.2,27,31,87.1,,,116
357,David Akers\akersdav01,2001,27,,PHI,NFL,16,0,0,37,38,97.4,26,31,83.9,,,115
358,Gary Anderson\andergar02,1996,37,7-171,PHI,NFL,16,0,0,40,40,100.0,25,29,86.2,,,115
359,Dan Bailey\BailDa00,2015,27,,DAL,NFL,16,0,0,25,25,100.0,30,32,93.8,,,115
360,Jim Bakken\BakkJi20,1964,24,7-88,STL,NFL,14,,0,40,40,100.0,25,38,65.8,,,115
361,George Blanda*\BlanGe00,1960,33,12-119,HOU,AFL,14,11,4,46,47,97.9,15,33,45.5,,,115
362,Chris Boswell\BoswCh00,2019,28,,PIT,NFL,16,0,0,28,28,100.0,29,31,93.5,,,115
363,Jim Breech\breecjim01,1981,25,8-206,CIN,NFL,16,0,0,49,51,96.1,22,32,68.8,,,115
364,Kris Brown\brownkri01,2007,31,7-228,HOU,NFL,16,0,0,40,40,100.0,25,29,86.2,,,115
365,John Carney\carnejoh01,2006,42,,NOR,NFL,16,0,0,46,47,97.9,23,25,92.0,,,115
366,John Carney\carnejoh01,1999,35,,SDG,NFL,16,0,0,22,23,95.7,31,36,86.1,,,115
367,Dan Carpenter\CarpDa44,2010,25,,MIA,NFL,16,0,0,25,25,100.0,30,41,73.2,,,115
368,Steve Christie\chrisste01,1992,25,,BUF,NFL,16,0,0,43,44,97.7,24,30,80.0,,,115
369,Brett Conway\conwabre01,1999,24,3-90,WAS,NFL,16,0,0,49,50,98.0,22,32,68.8,,,115
370,Jason Elam\elamxjas01,2005,35,3-70,DEN,NFL,16,0,0,43,44,97.7,24,32,75.0,,,115
371,Jason Elam\elamxjas01,2006,36,3-70,DEN,NFL,16,0,0,34,34,100.0,27,29,93.1,,,115
372,Jay Feely\feelyjay01,2001,25,,ATL,NFL,16,0,0,28,28,100.0,29,37,78.4,,,115
373,Pete Gogolak\GogoPe20,1965,23,12-92 12-92AFL,BUF,AFL,14,,0,31,31,100.0,28,46,60.9,,,115
374,Shayne Graham\grahasha01,2006,29,,CIN,NFL,16,0,0,40,42,95.2,25,30,83.3,,,115
375,Lou Groza*\GrozLo20,1964,40,,CLE,NFL,14,,0,49,49,100.0,22,33,66.7,,,115
376,Mike Hollis\hollimik01,2002,30,,BUF,NFL,16,0,0,40,40,100.0,25,33,75.8,,,115
377,Nick Lowery\lowernic01,1981,25,,KAN,NFL,16,0,0,37,38,97.4,26,36,72.2,,,115
378,Scott Norwood\norwosco01,1989,29,,BUF,NFL,16,0,0,46,47,97.9,23,30,76.7,,,115
379,John Smith\smithjoh01,1979,30,,NWE,NFL,16,0,0,46,49,93.9,23,33,69.7,,,115
380,Jan Stenerud*\stenejan01,1983,41,,GNB,NFL,16,0,0,52,52,100.0,21,26,80.8,,,115
381,Matt Stover\stovemat01,2001,33,12-329,BAL,NFL,16,0,0,25,25,100.0,30,35,85.7,,,115
382,Pete Stoyanovich\stoyapet01,1998,31,8-203,KAN,NFL,16,0,0,34,34,100.0,27,32,84.4,,,115
383,Adam Vinatieri\vinatada01,2012,40,,IND,NFL,16,0,0,37,37,100.0,26,33,78.8,,,115
384,Adam Vinatieri\vinatada01,1997,25,,NWE,NFL,16,0,0,40,40,100.0,25,29,86.2,,,115
385,Garo Yepremian\yepregar01,1972,28,,MIA,NFL,14,0,0,43,45,95.6,24,37,64.9,,,115
386,Tony Zendejas\zendeton01,1989,29,1-27,HOU,NFL,16,0,0,40,40,100.0,25,37,67.6,,,115
387,David Akers\akersdav01,2003,29,,PHI,NFL,16,0,0,42,42,100.0,24,29,82.8,,,114
388,Chris Bahr\bahrxchr01,1983,30,2-51,RAI,NFL,16,0,0,51,53,96.2,21,27,77.8,,,114
389,Dean Biasucci\biasudea01,1988,26,,IND,NFL,16,0,0,39,40,97.5,25,32,78.1,,,114
390,Chris Boniol\boniochr01,1994,23,,DAL,NFL,16,0,0,48,48,100.0,22,29,75.9,,,114
391,Josh Brown\brownjos01,2003,24,7-222,SEA,NFL,16,0,0,48,48,100.0,22,30,73.3,,,114
392,David Buehler\BuehDa44,2010,23,5-172,DAL,NFL,16,0,0,42,44,95.5,24,32,75.0,,,114
393,Kevin Butler\butlekev01,1990,28,4-105,CHI,NFL,16,0,0,36,37,97.3,26,37,70.3,,,114
394,Kevin Butler\butlekev01,1995,33,4-105,CHI,NFL,16,0,0,45,45,100.0,23,31,74.2,,,114
395,Chandler Catanzaro\CataCh00,2014,23,,ARI,NFL,16,0,0,27,27,100.0,29,33,87.9,,,114
396,Al Del Greco\delgralx01,1995,33,,HOU,NFL,16,0,0,33,33,100.0,27,31,87.1,,,114
397,Jason Elam\elamxjas01,2007,37,3-70,DEN,NFL,16,0,0,33,33,100.0,27,31,87.1,,,114
398,Graham Gano\GanoGr44,2013,26,,CAR,NFL,16,0,0,42,42,100.0,24,27,88.9,,,114
399,Jason Hanson\hansojas01,1998,28,2-56,DET,NFL,16,0,0,27,29,93.1,29,33,87.9,,,114
400,Alex Henery\HeneAl00,2013,26,4-120,PHI,NFL,16,0,0,45,45,100.0,23,28,82.1,,,114
401,Dustin Hopkins\HopkDu00,2015,25,6-177,WAS,NFL,15,0,0,39,40,97.5,25,28,89.3,,,114
402,Chris Jacke\jackechr01,1996,30,6-142,GNB,NFL,16,0,0,51,53,96.2,21,27,77.8,,,114
403,Sebastian Janikowski\janikseb01,2018,40,1-17,SEA,NFL,16,0,0,48,51,94.1,22,27,81.5,,,114
404,Nate Kaeding\kaedinat01,2004,22,3-65,SDG,NFL,16,0,0,54,55,98.2,20,25,80.0,,,114
405,Curt Knight\KnigCu20,1971,28,,WAS,NFL,14,0,0,27,27,100.0,29,49,59.2,,,114
406,Mick Luckhurst\luckhmic01,1981,23,,ATL,NFL,16,0,0,51,51,100.0,21,33,63.6,,,114
407,Olindo Mare\marexoli01,2002,29,,MIA,NFL,16,0,0,42,43,97.7,24,31,77.4,,,114
408,Mark Moseley\moselmar01,1979,31,14-346,WAS,NFL,16,0,0,39,39,100.0,25,33,75.8,,,114
409,Eddie Murray\murraedd01,1995,39,7-166,WAS,NFL,16,0,0,33,33,100.0,27,36,75.0,,,114
410,Matt Prater\PratMa20,2018,34,,DET,NFL,16,0,0,30,30,100.0,28,32,87.5,,,114
411,Matt Prater\PratMa20,2008,24,,DEN,NFL,16,0,0,39,40,97.5,25,34,73.5,,,114
412,Tony Zendejas\zendeton01,1988,28,1-27,HOU,NFL,16,0,0,48,50,96.0,22,34,64.7,,,114
413,Greg Zuerlein\ZuerGr00,2019,32,6-171,LAR,NFL,16,0,0,42,42,100.0,24,33,72.7,,,114
414,Morten Andersen*\andermor01,1991,31,4-86,NOR,NFL,16,0,0,38,38,100.0,25,32,78.1,,,113
415,Gary Anderson\andergar02,1992,33,7-171,PIT,NFL,16,0,0,29,31,93.5,28,36,77.8,,,113
416,Chris Boswell\BoswCh00,2015,24,,PIT,NFL,12,0,0,26,27,96.3,29,32,90.6,,,113
417,Gino Cappelletti\CappGi00,1963,29,,BOS,AFL,14,,2,35,36,97.2,22,38,57.9,,,113
418,John Carney\carnejoh01,1992,28,,SDG,NFL,16,0,0,35,35,100.0,26,32,81.3,,,113
419,John Carney\carnejoh01,2001,37,,NOR,NFL,15,0,0,32,32,100.0,27,31,87.1,,,113
420,Dan Carpenter\CarpDa44,2011,26,,MIA,NFL,14,0,0,26,26,100.0,29,34,85.3,,,113
421,Fred Cox\CoxxFr20,1965,27,8-110 28-221AFL,MIN,NFL,14,,0,44,44,100.0,23,35,65.7,,,113
422,Mason Crosby\CrosMa20,2012,28,6-193,GNB,NFL,16,0,0,50,50,100.0,21,33,63.6,,,113
423,Al Del Greco\delgralx01,1997,35,,TEN,NFL,16,0,0,32,32,100.0,27,35,77.1,,,113
424,Bruce Gossett\GossBr20,1966,25,,RAM,NFL,14,,0,29,29,100.0,28,49,57.1,,,113
425,Pat Leahy\leahypat01,1981,30,,NYJ,NFL,16,0,0,38,39,97.4,25,36,69.4,,,113
426,Rian Lindell\linderia01,2005,28,,BUF,NFL,16,0,0,26,26,100.0,29,35,82.9,,,113
427,Ryan Longwell\longwrya01,1999,25,,GNB,NFL,16,0,0,38,38,100.0,25,30,83.3,,,113
428,Eddie Murray\murraedd01,1983,27,7-166,DET,NFL,16,0,0,38,38,100.0,25,32,78.1,,,113
429,Matt Prater\PratMa20,2019,35,,DET,NFL,16,0,0,35,36,97.2,26,31,83.9,,,113
430,Jeff Reed\reedxjef01,2007,28,,PIT,NFL,16,0,0,44,44,100.0,23,25,92.0,,,113
431,Cairo Santos\SantCa01,2014,23,,KAN,NFL,16,0,0,38,38,100.0,25,30,83.3,,,113
432,Matt Stover\stovemat01,2005,37,12-329,BAL,NFL,16,0,0,23,23,100.0,30,34,88.2,,,113
433,Matt Stover\stovemat01,1995,27,12-329,CLE,NFL,16,0,0,26,26,100.0,29,33,87.9,,,113
434,Pete Stoyanovich\stoyapet01,1997,30,8-203,KAN,NFL,16,0,0,35,36,97.2,26,27,96.3,,,113
435,Adam Vinatieri\vinatada01,2001,29,,NWE,NFL,16,0,0,41,42,97.6,24,30,80.0,,,113
436,Adam Vinatieri\vinatada01,2018,46,,IND,NFL,16,0,0,44,47,93.6,23,27,85.2,,,113
437,Adam Vinatieri\vinatada01,2006,34,,IND,NFL,13,0,0,38,38,100.0,25,28,89.3,,,113
438,Garo Yepremian\yepregar01,1973,29,,MIA,NFL,14,0,0,38,38,100.0,25,37,67.6,,,113
439,Raul Allegre\allegrau01,1983,24,,BAL,NFL,16,0,0,22,24,91.7,30,35,85.7,,,112
440,Rolf Benirschke\benirrol01,1981,26,12-334,SDG,NFL,16,0,0,55,61,90.2,19,26,73.1,,,112
441,George Blanda*\BlanGe00,1961,34,12-119,HOU,AFL,14,11,0,64,65,98.5,16,26,61.5,,,112
442,Josh Brown\brownjos01,2008,29,7-222,STL,NFL,16,0,0,19,19,100.0,31,36,86.1,,,112
443,Dan Carpenter\CarpDa44,2009,24,,MIA,NFL,16,0,0,37,38,97.4,25,28,89.3,,,112
444,Mason Crosby\CrosMa20,2010,26,6-193,GNB,NFL,16,0,0,46,46,100.0,22,28,78.6,,,112
445,Paul Edinger\edingpau01,2001,23,6-174,CHI,NFL,16,0,0,34,34,100.0,26,31,83.9,,,112
446,Tony Franklin\frankton01,1985,29,3-74,NWE,NFL,16,0,0,40,41,97.6,24,30,80.0,,,112
447,Sebastian Janikowski\janikseb01,2000,22,1-17,OAK,NFL,14,0,0,46,46,100.0,22,32,68.8,,,112
448,Norm Johnson\johnsnor01,1993,33,,ATL,NFL,15,0,0,34,34,100.0,26,27,96.3,,,112
449,Nate Kaeding\kaedinat01,2005,23,3-65,SDG,NFL,16,0,0,49,49,100.0,21,24,87.5,,,112
450,Mike Lansford\lansfmik01,1984,26,12-312,RAM,NFL,16,0,0,37,38,97.4,25,33,75.8,,,112
451,Pat Leahy\leahypat01,1988,37,,NYJ,NFL,16,0,0,43,43,100.0,23,28,82.1,,,112
452,Brandon McManus\McMaBr01,2019,28,,DEN,NFL,16,0,0,25,26,96.2,29,34,85.3,,,112
453,Nick Mike-Mayer\MikeNi20,1973,23,10-248,ATL,NFL,14,0,0,34,34,100.0,26,38,68.4,,,112
454,David Treadwell\treaddav01,1991,26,,DEN,NFL,16,0,0,31,32,96.9,27,36,75.0,,,112
455,Adam Vinatieri\vinatada01,2003,31,,NWE,NFL,16,0,0,37,38,97.4,25,34,73.5,,,112
456,Greg Zuerlein\ZuerGr00,2013,26,6-171,STL,NFL,16,0,0,34,34,100.0,26,28,92.9,,,112
457,Gary Anderson\andergar02,2000,41,7-171,MIN,NFL,16,0,0,45,45,100.0,22,23,95.7,,,111
458,Josh Brown\brownjos01,2006,27,7-222,SEA,NFL,16,0,0,36,36,100.0,25,31,80.6,,,111
459,Matt Bryant\bryanmat01,2013,38,,ATL,NFL,16,0,0,39,39,100.0,24,27,88.9,,,111
460,Mike Cofer\cofermik01,1990,26,,SFO,NFL,16,0,0,39,39,100.0,24,36,66.7,,,111
461,Jake Elliott\ElliJa03,2018,23,5-153,PHI,NFL,16,0,0,33,35,94.3,26,31,83.9,,,111
462,Jay Feely\feelyjay01,2008,32,,NYJ,NFL,15,0,0,39,39,100.0,24,28,85.7,,,111
463,Garrett Hartley\HartGa00,2012,26,,NOR,NFL,16,0,0,57,57,100.0,18,22,81.8,,,111
464,Sebastian Janikowski\janikseb01,2001,23,1-17,OAK,NFL,15,0,0,42,42,100.0,23,28,82.1,,,111
465,Horst Muhlmann\MuhlHo20,1972,32,,CIN,NFL,14,0,0,30,31,96.8,27,40,67.5,,,111
466,Joe Nedney\nednejoe01,2002,29,,TEN,NFL,16,0,0,36,36,100.0,25,31,80.6,,,111
467,Cody Parkey\ParkCo03,2018,26,,CHI,NFL,16,0,0,42,45,93.3,23,30,76.7,,,111
468,Todd Peterson\petertod01,1996,26,7-177,SEA,NFL,16,0,0,27,27,100.0,28,34,82.4,,,111
469,Roger Ruzek\ruzekrog01,1991,31,,PHI,NFL,16,0,0,27,29,93.1,28,33,84.8,,,111
470,Caleb Sturgis\SturCa00,2013,24,5-166,MIA,NFL,16,0,0,33,33,100.0,26,34,76.5,,,111
471,Morten Andersen*\andermor01,1988,28,4-86,NOR,NFL,16,0,0,32,33,97.0,26,36,72.2,,,110
472,Rob Bironas\bironrob01,2010,32,,TEN,NFL,16,0,0,38,38,100.0,24,26,92.3,,,110
473,Rob Bironas\bironrob01,2012,34,,TEN,NFL,16,0,0,35,35,100.0,25,31,80.6,,,110
474,Josh Brown\brownjos01,2005,26,7-222,SEA,NFL,16,0,0,56,57,98.2,18,25,72.0,,,110
475,Steve Christie\chrisste01,1994,27,,BUF,NFL,16,0,0,38,38,100.0,24,28,85.7,,,110
476,Robbie Gould\gouldrob01,2010,28,,CHI,NFL,16,0,0,35,35,100.0,25,30,83.3,,,110
477,Robbie Gould\gouldrob01,2019,37,,SFO,NFL,13,0,0,41,42,97.6,23,31,74.2,,,110
478,Norm Johnson\johnsnor01,1984,24,,SEA,NFL,16,0,0,50,51,98.0,20,24,83.3,,,110
479,Rich Karlis\karliric01,1985,26,,DEN,NFL,16,0,0,41,44,93.2,23,38,60.5,,,110
480,Nick Lowery\lowernic01,1991,35,,KAN,NFL,16,0,0,35,35,100.0,25,30,83.3,,,110
481,Olindo Mare\marexoli01,2011,38,,CAR,NFL,16,0,0,44,45,97.8,22,28,78.6,,,110
482,Lou Michaels\MichLo20,1962,27,1-4,PIT,NFL,14,14,0,32,33,97.0,26,42,61.9,,,110
483,Jason Myers\MyerJa00,2015,24,,JAX,NFL,16,0,0,32,39,82.1,26,30,86.7,,,110
484,Jason Myers\MyerJa00,2016,25,,JAX,NFL,16,0,0,29,32,90.6,27,34,79.4,,,110
485,Chuck Nelson\nelsochu01,1986,26,4-87,MIN,NFL,16,0,0,44,47,93.6,22,28,78.6,,,110
486,Scott Norwood\norwosco01,1990,30,,BUF,NFL,16,0,0,50,52,96.2,20,29,69.0,,,110
487,Scott Norwood\norwosco01,1991,31,,BUF,NFL,16,0,0,56,58,96.6,18,29,62.1,,,110
488,Mike Nugent\nugenmik01,2007,25,2-47,NYJ,NFL,16,0,0,23,24,95.8,29,36,80.6,,,110
489,Doug Pelfrey\pelfrdou01,1996,26,8-202,CIN,NFL,16,0,0,41,41,100.0,23,28,82.1,,,110
490,Neil Rackers\rackenei01,2007,31,6-169,ARI,NFL,16,0,0,47,48,97.9,21,30,70.0,,,110
491,Fred Steinfort\steinfre01,1980,28,5-146,DEN,NFL,16,0,0,32,33,97.0,26,34,76.5,,,110
492,Jan Stenerud*\stenejan01,1971,29,,KAN,NFL,14,0,0,32,32,100.0,26,44,59.1,,,110
493,Matt Stover\stovemat01,1997,29,12-329,BAL,NFL,16,0,0,32,32,100.0,26,34,76.5,,,110
494,Matt Stover\stovemat01,1994,26,12-329,CLE,NFL,16,0,0,32,32,100.0,26,28,92.9,,,110
495,Josh Brown\brownjos01,2004,25,7-222,SEA,NFL,16,0,0,40,40,100.0,23,25,92.0,,,109
496,Steve Christie\chrisste01,2000,33,,BUF,NFL,16,0,0,31,31,100.0,26,35,74.3,,,109
497,Greg Davis\davisgre01,1995,30,9-246,ARI,NFL,16,0,0,19,19,100.0,30,39,76.9,,,109
498,Greg Davis\davisgre01,1997,32,9-246,2TM,NFL,16,0,0,31,32,96.9,26,34,76.5,,,109
499,Jason Elam\elamxjas01,1996,26,3-70,DEN,NFL,16,0,0,46,46,100.0,21,28,75.0,,,109
500,Stephen Hauschka\HausSt00,2011,26,,SEA,NFL,16,0,0,34,34,100.0,25,30,83.3,,,109
501,Nate Kaeding\kaedinat01,2010,28,3-65,SDG,NFL,13,0,0,40,40,100.0,23,28,82.1,,,109
502,Toni Linhart\LinhTo20,1976,34,,BAL,NFL,14,0,0,49,50,98.0,20,27,74.1,,,109
503,Eddie Murray\murraedd01,1985,29,7-166,DET,NFL,16,0,0,31,33,93.9,26,31,83.9,,,109
504,Jason Myers\MyerJa00,2019,28,,SEA,NFL,16,0,0,40,44,90.9,23,28,82.1,,,109
505,Todd Peterson\petertod01,1995,25,7-177,SEA,NFL,16,0,0,40,40,100.0,23,28,82.1,,,109
506,Dave Rayner\raynedav01,2006,24,6-202,GNB,NFL,16,0,0,31,32,96.9,26,35,74.3,,,109
507,Pete Stoyanovich\stoyapet01,1993,26,8-203,MIA,NFL,16,0,0,37,37,100.0,24,32,75.0,,,109
508,David Treadwell\treaddav01,1990,25,,DEN,NFL,16,0,0,34,36,94.4,25,34,73.5,,,109
509,Lawrence Tynes\tyneslaw01,2004,26,,KAN,NFL,16,0,0,58,60,96.7,17,23,73.9,,,109
510,Lawrence Tynes\tyneslaw01,2007,29,,NYG,NFL,16,0,0,40,42,95.2,23,27,85.2,,,109
511,Adam Vinatieri\vinatada01,2017,45,,IND,NFL,15,0,0,22,24,91.7,29,34,85.3,,,109
512,Uwe von Schamann\vonscuwe01,1981,25,7-189,MIA,NFL,16,0,0,37,38,97.4,24,31,77.4,,,109
513,David Akers\akersdav01,2007,33,,PHI,NFL,16,0,0,36,36,100.0,24,32,75.0,,,108
514,Morten Andersen*\andermor01,1986,26,4-86,NOR,NFL,16,0,0,30,30,100.0,26,30,86.7,,,108
515,Matt Bryant\bryanmat01,2002,27,,NYG,NFL,16,0,0,30,32,93.8,26,32,81.3,,,108
516,Steve Christie\chrisste01,1999,32,,BUF,NFL,16,0,0,33,33,100.0,25,34,73.5,,,108
517,Mason Crosby\CrosMa20,2015,31,6-193,GNB,NFL,16,0,0,36,36,100.0,24,28,85.7,,,108
518,Phil Dawson\dawsophi01,2014,39,,SFO,NFL,16,0,0,33,33,100.0,25,31,80.6,,,108
519,Phil Dawson\dawsophi01,2008,33,,CLE,NFL,16,0,0,18,18,100.0,30,36,83.3,,,108
520,Cole Ford\fordxcol01,1996,24,7-247,OAK,NFL,16,0,0,36,36,100.0,24,31,77.4,,,108
521,Tony Franklin\frankton01,1984,28,3-74,NWE,NFL,16,0,0,42,42,100.0,22,28,78.6,,,108
522,Bruce Gossett\GossBr20,1967,26,,RAM,NFL,14,,0,48,48,100.0,20,43,46.5,,,108
523,John Hall\hallxjoh01,1999,25,,NYJ,NFL,16,0,0,27,29,93.1,27,33,81.8,,,108
524,Mike Hollis\hollimik01,1998,26,,JAX,NFL,16,0,0,45,45,100.0,21,26,80.8,,,108
525,Chris Jacke\jackechr01,1989,23,6-142,GNB,NFL,16,0,0,42,42,100.0,22,28,78.6,,,108
526,Norm Johnson\johnsnor01,1986,26,,SEA,NFL,16,0,0,42,42,100.0,22,35,62.9,,,108
527,Pat Leahy\leahypat01,1991,40,,NYJ,NFL,15,0,0,30,30,100.0,26,37,70.3,,,108
528,Rian Lindell\linderia01,2009,32,,BUF,NFL,16,0,0,24,24,100.0,28,33,84.8,,,108
529,Olindo Mare\marexoli01,2005,32,,MIA,NFL,16,0,0,33,33,100.0,25,30,83.3,,,108
530,Horst Muhlmann\MuhlHo20,1970,30,,CIN,NFL,14,0,0,33,33,100.0,25,37,67.6,,,108
531,Chuck Nelson\nelsochu01,1988,28,4-87,MIN,NFL,16,0,0,48,49,98.0,20,25,80.0,,,108
532,Doug Pelfrey\pelfrdou01,1994,24,8-202,CIN,NFL,16,0,0,24,25,96.0,28,33,84.8,,,108
533,Todd Peterson\petertod01,2001,31,7-177,KAN,NFL,16,0,0,27,28,96.4,27,35,77.1,,,108
534,Benny Ricardo\ricarben01,1983,29,,MIN,NFL,16,0,0,33,34,97.1,25,33,75.8,,,108
535,Roger Ruzek\ruzekrog01,1990,30,,PHI,NFL,16,0,0,45,48,93.8,21,29,72.4,,,108
536,Tim Seder\sedertim01,2000,26,,DAL,NFL,15,0,1,27,27,100.0,25,33,75.8,,,108
537,Jan Stenerud*\stenejan01,1967,25,,KAN,AFL,14,,0,45,45,100.0,21,36,58.3,,,108
538,Pete Stoyanovich\stoyapet01,1999,32,8-203,KAN,NFL,16,0,0,45,45,100.0,21,28,75.0,,,108
539,Kris Brown\brownkri01,2000,24,7-228,PIT,NFL,16,0,0,32,33,97.0,25,30,83.3,,,107
540,Mike Cofer\cofermik01,1992,28,,SFO,NFL,16,0,0,53,54,98.1,18,27,66.7,,,107
541,Mike Cofer\cofermik01,1993,29,,SFO,NFL,16,0,0,59,61,96.7,16,26,61.5,,,107
542,Jay Feely\feelyjay01,2006,30,,NYG,NFL,16,0,0,38,38,100.0,23,27,85.2,,,107
543,Jay Feely\feelyjay01,2010,34,,ARI,NFL,16,0,1,29,29,100.0,24,27,88.9,,,107
544,Pete Gogolak\GogoPe20,1970,28,12-92 12-92AFL,NYG,NFL,14,0,0,32,32,100.0,25,41,61.0,,,107
545,John Hall\hallxjoh01,2002,28,,NYJ,NFL,16,0,0,35,37,94.6,24,31,77.4,,,107
546,Garrett Hartley\HartGa00,2013,27,,NOR,NFL,14,0,0,41,41,100.0,22,30,73.3,,,107
547,Paul Hornung*\HornPa00,1964,29,1-1,GNB,NFL,14,14,5,41,43,95.3,12,38,31.6,,,107
548,Pat Leahy\leahypat01,1978,27,,NYJ,NFL,16,0,0,41,42,97.6,22,30,73.3,,,107
549,Rian Lindell\linderia01,2002,25,,SEA,NFL,16,0,0,38,38,100.0,23,29,79.3,,,107
550,Nick Lowery\lowernic01,1985,29,,KAN,NFL,16,0,0,35,35,100.0,24,27,88.9,,,107
551,Josh Scobee\scobejos01,2005,23,5-137,JAX,NFL,16,0,0,38,39,97.4,23,30,76.7,,,107
552,Josh Scobee\scobejos01,2010,28,5-137,JAX,NFL,16,0,0,41,41,100.0,22,28,78.6,,,107
553,Matt Stover\stovemat01,2007,39,12-329,BAL,NFL,16,0,0,26,26,100.0,27,32,84.4,,,107
554,Pete Stoyanovich\stoyapet01,1994,27,8-203,MIA,NFL,16,0,0,35,35,100.0,24,31,77.4,,,107
555,Lawrence Tynes\tyneslaw01,2006,28,,KAN,NFL,16,0,0,35,36,97.2,24,31,77.4,,,107
556,Danny Villanueva\VillDa21,1966,29,,DAL,NFL,14,,0,56,56,100.0,17,31,54.8,,,107
557,Adam Vinatieri\vinatada01,2015,43,,IND,NFL,16,0,0,32,35,91.4,25,27,92.6,,,107
558,Adam Vinatieri\vinatada01,1999,27,,NWE,NFL,16,0,0,29,30,96.7,26,33,78.8,,,107
559,Blair Walsh\WalsBl00,2014,24,6-175,MIN,NFL,16,0,0,29,29,100.0,26,35,74.3,,,107
560,Jeff Wilkins\wilkijef01,1997,25,,STL,NFL,16,0,0,32,32,100.0,25,37,67.6,,,107
561,Morten Andersen*\andermor01,2003,43,4-86,KAN,NFL,16,0,0,58,59,98.3,16,20,80.0,,,106
562,Doug Brien\briendou01,2000,30,3-85,NOR,NFL,16,0,0,37,37,100.0,23,29,79.3,,,106
563,Kris Brown\brownkri01,2009,33,7-228,HOU,NFL,16,0,0,43,44,97.7,21,32,65.6,,,106
564,Chandler Catanzaro\CataCh00,2016,25,,ARI,NFL,16,0,0,43,47,91.5,21,28,75.0,,,106
565,Don Chandler\ChanDo20,1963,29,5-57,NYG,NFL,14,,0,52,56,92.9,18,29,62.1,,,106
566,Travis Coons\CoonTr00,2015,23,,CLE,NFL,16,0,0,22,24,91.7,28,32,87.5,,,106
567,Mason Crosby\CrosMa20,2019,35,6-193,GNB,NFL,16,0,0,40,41,97.6,22,24,91.7,,,106
568,Greg Davis\davisgre01,1990,25,9-246,ATL,NFL,16,0,0,40,40,100.0,22,33,66.7,,,106
569,Al Del Greco\delgralx01,1999,37,,TEN,NFL,16,0,0,43,43,100.0,21,25,84.0,,,106
570,Tom Dempsey\DempTo20,1973,26,,PHI,NFL,14,0,0,34,34,100.0,24,40,60.0,,,106
571,Paul Edinger\edingpau01,2005,27,6-174,MIN,NFL,16,0,0,31,31,100.0,25,34,73.5,,,106
572,Lin Elliott\elliolin01,1995,27,,KAN,NFL,16,0,0,34,37,91.9,24,30,80.0,,,106
573,Shayne Graham\grahasha01,2003,26,,CIN,NFL,16,0,0,40,40,100.0,22,25,88.0,,,106
574,Martin Gramatica\gramamar01,1999,24,3-80,TAM,NFL,16,0,0,25,25,100.0,27,32,84.4,,,106
575,Jason Hanson\hansojas01,1999,29,2-56,DET,NFL,16,0,0,28,29,96.6,26,32,81.3,,,106
576,Alex Henery\HeneAl00,2012,25,4-120,PHI,NFL,16,0,0,25,26,96.2,27,31,87.1,,,106
577,Sebastian Janikowski\janikseb01,2004,26,1-17,OAK,NFL,16,0,0,31,32,96.9,25,28,89.3,,,106
578,Norm Johnson\johnsnor01,1996,36,,PIT,NFL,16,0,0,37,37,100.0,23,30,76.7,,,106
579,Norm Johnson\johnsnor01,1997,37,,PIT,NFL,16,0,0,40,40,100.0,22,25,88.0,,,106
580,Josh Lambo\LambJo00,2015,25,,SDG,NFL,16,0,0,28,32,87.5,26,32,81.3,,,106
581,Nick Lowery\lowernic01,1989,33,,KAN,NFL,16,0,0,34,35,97.1,24,33,72.7,,,106
582,Nick Lowery\lowernic01,1993,37,,KAN,NFL,16,0,0,37,37,100.0,23,29,79.3,,,106
583,Olindo Mare\marexoli01,2010,37,,SEA,NFL,16,0,0,31,31,100.0,25,30,83.3,,,106
584,Lou Michaels\MichLo20,1967,32,1-4,BAL,NFL,14,6,0,46,48,95.8,20,37,54.1,,,106
585,Nick Novak\novaknic01,2014,33,,SDG,NFL,16,0,0,40,40,100.0,22,26,84.6,,,106
586,Mike Nugent\nugenmik01,2006,24,2-47,NYJ,NFL,16,0,0,34,35,97.1,24,27,88.9,,,106
587,Mike Nugent\nugenmik01,2013,31,2-47,CIN,NFL,16,0,0,52,53,98.1,18,22,81.8,,,106
588,Dennis Partee\PartDe20,1968,22,11-291,SDG,AFL,14,,0,40,43,93.0,22,32,68.8,,,106
589,Joey Slye\SlyeJo00,2019,23,,CAR,NFL,16,0,0,31,35,88.6,25,32,78.1,,,106
590,Ryan Succop\SuccRy44,2018,32,7-256,TEN,NFL,16,0,0,28,31,90.3,26,30,86.7,,,106
591,Jim Turner\TurnJi22,1973,32,19-259,DEN,NFL,14,0,0,40,40,100.0,22,33,66.7,,,106
592,Adam Vinatieri\vinatada01,2000,28,,NWE,NFL,16,0,0,25,25,100.0,27,33,81.8,,,106
593,Greg Zuerlein\ZuerGr00,2014,27,6-171,STL,NFL,16,0,0,34,35,97.1,24,30,80.0,,,106
594,Raul Allegre\allegrau01,1986,27,,NYG,NFL,13,0,0,33,33,100.0,24,32,75.0,,,105
595,Connor Barth\barthco01,2010,24,,TAM,NFL,16,0,0,36,36,100.0,23,28,82.1,,,105
596,George Blanda*\BlanGe00,1969,42,12-119,OAK,AFL,14,,0,45,45,100.0,20,37,54.1,,,105
597,Doug Brien\briendou01,2003,33,3-85,NYJ,NFL,16,0,0,24,24,100.0,27,32,84.4,,,105
598,Doug Brien\briendou01,1994,24,3-85,SFO,NFL,16,0,0,60,62,96.8,15,20,75.0,,,105
599,Doug Brien\briendou01,2004,34,3-85,NYJ,NFL,16,0,0,33,34,97.1,24,29,82.8,,,105
600,Kris Brown\brownkri01,1999,23,7-228,PIT,NFL,16,0,0,30,31,96.8,25,29,86.2,,,105
601,Randy Bullock\BullRa00,2019,30,5-161,CIN,NFL,16,0,0,24,25,96.0,27,31,87.1,,,105
602,Steve Christie\chrisste01,1993,26,,BUF,NFL,16,0,0,36,37,97.3,23,32,71.9,,,105
603,Steve Christie\chrisste01,1996,29,,BUF,NFL,16,0,0,33,33,100.0,24,29,82.8,,,105
604,Mike Clark\ClarMi20,1968,28,,DAL,NFL,14,,0,54,54,100.0,17,29,58.6,,,105
605,Paul Edinger\edingpau01,2003,25,6-174,CHI,NFL,16,0,0,27,27,100.0,26,36,72.2,,,105
606,Lin Elliott\elliolin01,1994,26,,KAN,NFL,16,0,0,30,30,100.0,25,30,83.3,,,105
607,Nick Folk\FolkNi20,2016,32,6-178,NYJ,NFL,16,0,0,24,26,92.3,27,31,87.1,,,105
608,Tony Franklin\frankton01,1979,23,3-74,PHI,NFL,16,0,0,36,39,92.3,23,31,74.2,,,105
609,Charlie Gogolak\GogoCh20,1966,22,1-6 7-56AFL,WAS,NFL,14,,0,39,41,95.1,22,34,64.7,,,105
610,Robbie Gould\gouldrob01,2009,27,,CHI,NFL,16,0,0,33,33,100.0,24,28,85.7,,,105
611,Mike Hollis\hollimik01,2000,28,,JAX,NFL,12,0,0,33,33,100.0,24,26,92.3,,,105
612,Norm Johnson\johnsnor01,1988,28,,SEA,NFL,16,0,0,39,39,100.0,22,28,78.6,,,105
613,Rich Karlis\karliric01,1988,29,,DEN,NFL,16,0,0,36,37,97.3,23,36,63.9,,,105
614,John Kasay\kasayjoh01,1995,26,4-98,CAR,NFL,16,0,0,27,28,96.4,26,33,78.8,,,105
615,Nick Lowery\lowernic01,1992,36,,KAN,NFL,15,0,0,39,39,100.0,22,24,91.7,,,105
616,Fuad Reveiz\reveifua01,1993,30,7-195,MIN,NFL,16,0,0,27,28,96.4,26,35,74.3,,,105
617,Austin Seibert\SeibAu00,2019,23,5-170,CLE,NFL,16,0,0,30,35,85.7,25,29,86.2,,,105
618,Ryan Succop\SuccRy44,2016,30,7-256,TEN,NFL,16,0,0,39,41,95.1,22,24,91.7,,,105
619,Shaun Suisham\suishsha01,2011,30,,PIT,NFL,16,0,0,36,36,100.0,23,31,74.2,,,105
620,Bob Thomas\thomabob01,1985,33,15-388,SDG,NFL,15,0,0,51,55,92.7,18,28,64.3,,,105
621,Bobby Walston\WalsBo00,1960,32,14-166,PHI,NFL,12,12,4,39,40,97.5,14,20,70.0,,,105
622,Morten Andersen*\andermor01,1989,29,4-86,NOR,NFL,16,0,0,44,45,97.8,20,29,69.0,,,104
623,Morten Andersen*\andermor01,1997,37,4-86,ATL,NFL,16,0,0,35,35,100.0,23,27,85.2,,,104
624,Gary Anderson\andergar02,1994,35,7-171,PIT,NFL,16,0,0,32,32,100.0,24,29,82.8,,,104
625,Matt Bahr\bahrxmat01,1979,23,6-165,PIT,NFL,16,0,0,50,52,96.2,18,30,60.0,,,104
626,Matt Bahr\bahrxmat01,1988,32,6-165,CLE,NFL,16,0,0,32,33,97.0,24,29,82.8,,,104
627,Randy Bullock\BullRa00,2013,24,5-161,HOU,NFL,16,0,0,26,26,100.0,26,35,74.3,,,104
628,John Carney\carnejoh01,2004,40,,NOR,NFL,16,0,0,38,38,100.0,22,27,81.5,,,104
629,Chandler Catanzaro\CataCh00,2017,26,,NYJ,NFL,16,0,0,29,29,100.0,25,30,83.3,,,104
630,Don Chandler\ChanDo20,1962,28,5-57,NYG,NFL,14,,0,47,48,97.9,19,28,67.9,,,104
631,Al Del Greco\delgralx01,1992,30,,HOU,NFL,16,0,0,41,41,100.0,21,27,77.8,,,104
632,Toni Fritsch\fritston01,1975,30,,DAL,NFL,14,0,0,38,40,95.0,22,35,62.9,,,104
633,Toni Fritsch\fritston01,1979,34,,HOU,NFL,16,0,0,41,43,95.3,21,25,84.0,,,104
634,Bruce Gossett\GossBr20,1973,32,,SFO,NFL,14,0,0,26,26,100.0,26,33,78.8,,,104
635,John Hall\hallxjoh01,2001,27,,NYJ,NFL,16,0,0,32,32,100.0,24,31,77.4,,,104
636,Rich Karlis\karliric01,1986,27,,DEN,NFL,16,0,0,44,45,97.8,20,28,71.4,,,104
637,Mike Lansford\lansfmik01,1985,27,12-312,RAM,NFL,16,0,0,38,39,97.4,22,29,75.9,,,104
638,Ryan Longwell\longwrya01,2011,37,,MIN,NFL,16,0,0,38,39,97.4,22,28,78.6,,,104
639,Ryan Longwell\longwrya01,2001,27,,GNB,NFL,16,0,0,44,45,97.8,20,31,64.5,,,104
640,Nick Lowery\lowernic01,1984,28,,KAN,NFL,16,0,0,35,35,100.0,23,33,69.7,,,104
641,Nick Lowery\lowernic01,1988,32,,KAN,NFL,16,0,0,23,23,100.0,27,32,84.4,,,104
642,Jim Martin\MartJi20,1963,39,2-26,BAL,NFL,14,,0,32,35,91.4,24,39,61.5,,,104
643,Paul McFadden\mcfadpau01,1985,24,12-312,PHI,NFL,16,0,0,29,29,100.0,25,30,83.3,,,104
644,Lou Michaels\MichLo20,1964,29,1-4,BAL,NFL,14,,0,53,54,98.1,17,35,48.6,,,104
645,Todd Peterson\petertod01,2005,35,7-177,ATL,NFL,16,0,0,35,35,100.0,23,25,92.0,,,104
646,Jeff Reed\reedxjef01,2010,31,,2TM,NFL,14,0,0,32,32,100.0,24,32,75.0,,,104
647,Jason Sanders\SandJa00,2019,24,7-229,MIA,NFL,16,0,1,29,30,96.7,23,30,76.7,,,104
648,Jack Spikes\SpikJa00,1960,23,1-6,DTX,AFL,14,11,5,35,37,94.6,13,31,41.9,,,104
649,Ryan Succop\SuccRy44,2009,23,7-256,KAN,NFL,16,0,0,29,29,100.0,25,29,86.2,,,104
650,Mike Vanderjagt\vandemik01,1998,28,,IND,NFL,14,0,0,23,23,100.0,27,31,87.1,,,104
651,Gary Anderson\andergar02,1999,40,7-171,MIN,NFL,16,0,0,46,46,100.0,19,30,63.3,,,103
652,Jim Breech\breecjim01,1984,28,8-206,CIN,NFL,16,0,0,37,37,100.0,22,31,71.0,,,103
653,Dan Carpenter\CarpDa44,2008,23,,MIA,NFL,16,0,0,40,40,100.0,21,25,84.0,,,103
654,Dan Carpenter\CarpDa44,2015,30,,BUF,NFL,16,0,0,34,40,85.0,23,27,85.2,,,103
655,Mike Clark\ClarMi20,1969,29,,DAL,NFL,14,,0,43,44,97.7,20,36,55.6,,,103
656,Jose Cortez\cortejos01,2002,27,,2TM,NFL,14,0,0,34,34,100.0,23,32,71.9,,,103
657,Fred Cox\CoxxFr20,1964,26,8-110 28-221AFL,MIN,NFL,14,,0,40,42,95.2,21,33,63.6,,,103
658,Joe Danelo\daneljoe01,1981,28,10-257,NYG,NFL,16,0,0,31,31,100.0,24,38,63.2,,,103
659,Tommy Davis\DaviTo20,1965,31,11-128,SFO,NFL,14,,0,52,53,98.1,17,27,63.0,,,103
660,Jason Elam\elamxjas01,2000,30,3-70,DEN,NFL,13,0,0,49,49,100.0,18,24,75.0,,,103
661,Kai Forbath\ForbKa00,2014,27,,WAS,NFL,16,0,0,31,32,96.9,24,27,88.9,,,103
662,Stephen Gostkowski\GostSt20,2006,22,4-118,NWE,NFL,16,0,0,43,44,97.7,20,26,76.9,,,103
663,Shayne Graham\grahasha01,2014,37,,NOR,NFL,16,0,0,46,47,97.9,19,22,86.4,,,103
664,Dustin Hopkins\HopkDu00,2018,28,6-177,WAS,NFL,16,0,0,25,26,96.2,26,29,89.7,,,103
665,Jeff Jaeger\jaegejef01,1989,25,3-82,RAI,NFL,16,0,0,34,34,100.0,23,34,67.6,,,103
666,Norm Johnson\johnsnor01,1983,23,,SEA,NFL,16,0,0,49,50,98.0,18,25,72.0,,,103
667,Curt Knight\KnigCu20,1973,30,,WAS,NFL,14,0,0,37,37,100.0,22,42,52.4,,,103
668,Errol Mann\MannEr20,1971,30,,DET,NFL,14,0,0,37,37,100.0,22,37,59.5,,,103
669,Tim Mazzetti\mazzetim01,1980,24,,ATL,NFL,16,0,0,46,49,93.9,19,27,70.4,,,103
670,Todd Peterson\petertod01,1997,27,7-177,SEA,NFL,16,0,0,37,37,100.0,22,28,78.6,,,103
671,David Ray\RayxDa21,1972,28,16-243,RAM,NFL,14,0,0,31,31,100.0,24,41,58.5,,,103
672,Wade Richey\richewad01,1998,22,,SFO,NFL,16,0,0,49,51,96.1,18,27,66.7,,,103
673,Shaun Suisham\suishsha01,2008,27,,WAS,NFL,16,0,0,25,25,100.0,26,36,72.2,,,103
674,David Treadwell\treaddav01,1993,28,,NYG,NFL,16,0,0,28,29,96.6,25,31,80.6,,,103
675,Mike Vanderjagt\vandemik01,2002,32,,IND,NFL,16,0,0,34,34,100.0,23,31,74.2,,,103
676,Adam Vinatieri\vinatada01,2008,36,,IND,NFL,16,0,0,43,43,100.0,20,25,80.0,,,103
677,David Akers\akersdav01,2006,32,,PHI,NFL,16,0,0,48,48,100.0,18,23,78.3,,,102
678,Kris Brown\brownkri01,2005,29,7-228,HOU,NFL,16,0,0,24,24,100.0,26,34,76.5,,,102
679,Kevin Butler\butlekev01,1993,31,4-105,CHI,NFL,16,0,0,21,22,95.5,27,36,75.0,,,102
680,John Carney\carnejoh01,2003,39,,NOR,NFL,16,0,0,36,37,97.3,22,30,73.3,,,102
681,Aaron Elling\ellinaar01,2003,25,,MIN,NFL,16,0,0,48,48,100.0,18,25,72.0,,,102
682,Nick Folk\FolkNi20,2008,24,6-178,DAL,NFL,16,0,0,42,42,100.0,20,22,90.9,,,102
683,Pete Gogolak\GogoPe20,1964,22,12-92 12-92AFL,BUF,AFL,14,,0,45,46,97.8,19,29,65.5,,,102
684,Bruce Gossett\GossBr20,1969,28,,RAM,NFL,14,,0,36,36,100.0,22,34,64.7,,,102
685,Bruce Gossett\GossBr20,1970,29,,SFO,NFL,14,0,0,39,41,95.1,21,31,67.7,,,102
686,Norm Johnson\johnsnor01,1990,30,,SEA,NFL,16,0,0,33,34,97.1,23,32,71.9,,,102
687,John Kasay\kasayjoh01,1991,22,4-98,SEA,NFL,16,0,0,27,28,96.4,25,31,80.6,,,102
688,Rian Lindell\linderia01,2012,35,,BUF,NFL,16,0,0,39,39,100.0,21,24,87.5,,,102
689,Rian Lindell\linderia01,2006,29,,BUF,NFL,16,0,0,33,33,100.0,23,25,92.0,,,102
690,Olindo Mare\marexoli01,2008,35,,SEA,NFL,16,0,0,30,30,100.0,24,27,88.9,,,102
691,Lou Michaels\MichLo20,1968,33,1-4,BAL,NFL,14,,0,48,50,96.0,18,28,64.3,,,102
692,Matt Prater\PratMa20,2015,31,,DET,NFL,16,0,0,36,39,92.3,22,24,91.7,,,102
693,Fuad Reveiz\reveifua01,1992,29,7-195,MIN,NFL,16,0,0,45,45,100.0,19,25,76.0,,,102
694,Rafael Septien\septiraf01,1984,31,10-258,DAL,NFL,16,0,0,33,34,97.1,23,29,79.3,,,102
695,Ryan Succop\SuccRy44,2010,24,7-256,KAN,NFL,16,0,0,42,42,100.0,20,26,76.9,,,102
696,Matt Bahr\bahrxmat01,1983,27,6-165,CLE,NFL,16,0,0,38,40,95.0,21,24,87.5,,,101
697,Connor Barth\barthco01,2011,25,,TAM,NFL,16,0,0,23,23,100.0,26,28,92.9,,,101
698,Jim Breech\breecjim01,1986,30,8-206,CIN,NFL,16,0,0,50,51,98.0,17,32,53.1,,,101
699,Jose Cortez\cortejos01,2001,26,,SFO,NFL,16,0,0,47,47,100.0,18,25,72.0,,,101
700,Jake Elliott\ElliJa03,2019,24,5-153,PHI,NFL,16,0,0,35,37,94.6,22,26,84.6,,,101
701,Nick Folk\FolkNi20,2011,27,6-178,NYJ,NFL,16,0,0,44,44,100.0,19,25,76.0,,,101
702,Tony Franklin\frankton01,1981,25,3-74,PHI,NFL,16,0,0,41,43,95.3,20,31,64.5,,,101
703,Bruce Gossett\GossBr20,1971,30,,SFO,NFL,14,0,0,32,32,100.0,23,36,63.9,,,101
704,John Hall\hallxjoh01,2003,29,,WAS,NFL,16,0,0,26,27,96.3,25,33,75.8,,,101
705,Jason Hanson\hansojas01,2000,30,2-56,DET,NFL,16,0,0,29,29,100.0,24,30,80.0,,,101
706,Sebastian Janikowski\janikseb01,2015,37,1-17,OAK,NFL,16,0,0,38,39,97.4,21,26,80.8,,,101
707,Rich Karlis\karliric01,1984,25,,DEN,NFL,16,0,0,38,41,92.7,21,28,75.0,,,101
708,Pat Leahy\leahypat01,1990,39,,NYJ,NFL,16,0,0,32,32,100.0,23,26,88.5,,,101
709,Mick Luckhurst\luckhmic01,1985,27,,ATL,NFL,16,0,0,29,29,100.0,24,31,77.4,,,101
710,Errol Mann\MannEr20,1969,28,,DET,NFL,14,,0,26,26,100.0,25,37,67.6,,,101
711,Errol Mann\MannEr20,1970,29,,DET,NFL,14,0,0,41,41,100.0,20,29,69.0,,,101
712,Lou Michaels\MichLo20,1965,30,1-4,BAL,NFL,14,14,0,48,48,100.0,17,28,60.7,,1,101
713,Jeff Reed\reedxjef01,2006,27,,PIT,NFL,16,0,0,41,41,100.0,20,27,74.1,,,101
714,Jan Stenerud*\stenejan01,1981,39,,GNB,NFL,16,0,0,35,36,97.2,22,24,91.7,,,101
715,Ryan Succop\SuccRy44,2012,26,7-256,KAN,NFL,16,0,0,17,17,100.0,28,34,82.4,,,101
716,Bob Thomas\thomabob01,1984,32,15-388,CHI,NFL,16,0,0,35,37,94.6,22,28,78.6,,,101
717,Gary Anderson\andergar02,1991,32,7-171,PIT,NFL,16,0,0,31,31,100.0,23,33,69.7,,,100
718,Chris Bahr\bahrxchr01,1985,32,2-51,RAI,NFL,16,0,0,40,42,95.2,20,32,62.5,,,100
719,Chris Bahr\bahrxchr01,1984,31,2-51,RAI,NFL,16,0,0,40,42,95.2,20,27,74.1,,,100
720,Jim Bakken\BakkJi20,1973,33,7-88,STL,NFL,14,0,0,31,31,100.0,23,32,71.9,,,100
721,George Blanda*\BlanGe00,1973,46,12-119,OAK,NFL,14,0,0,31,31,100.0,23,33,69.7,,,100
722,Josh Brown\brownjos01,2013,34,7-222,NYG,NFL,16,0,0,31,31,100.0,23,26,88.5,,,100
723,Don Cockroft\cockrdon01,1968,23,3-55,CLE,NFL,14,,0,46,48,95.8,18,24,75.0,,,100
724,Brett Conway\conwabre01,2001,26,3-90,WAS,NFL,16,0,0,22,22,100.0,26,33,78.8,,,100
725,Greg Davis\davisgre01,1993,28,9-246,PHO,NFL,16,0,0,37,37,100.0,21,28,75.0,,,100
726,Phil Dawson\dawsophi01,2004,29,,CLE,NFL,16,0,0,28,28,100.0,24,29,82.8,,,100
727,Phil Dawson\dawsophi01,2002,27,,CLE,NFL,16,0,0,34,35,97.1,22,28,78.6,,,100
728,Phil Dawson\dawsophi01,2005,30,,CLE,NFL,16,0,0,19,21,90.5,27,29,93.1,,,100
729,Ka'imi Fairbairn\FairKa01,2019,25,,HOU,NFL,16,0,0,40,45,88.9,20,25,80.0,,,100
730,Jay Feely\feelyjay01,2012,36,,ARI,NFL,16,0,0,25,25,100.0,25,28,89.3,,,100
731,Graham Gano\GanoGr44,2010,23,,WAS,NFL,16,0,0,28,28,100.0,24,35,68.6,,,100
732,Jason Hanson\hansojas01,2004,34,2-56,DET,NFL,16,0,0,28,28,100.0,24,28,85.7,,,100
733,Jason Hanson\hansojas01,2002,32,2-56,DET,NFL,16,0,0,31,31,100.0,23,28,82.1,,,100
734,Garrett Hartley\HartGa00,2010,24,,NOR,NFL,14,0,0,40,40,100.0,20,25,80.0,,,100
735,Efren Herrera\herreefr01,1979,28,7-169,SEA,NFL,16,0,0,43,46,93.5,19,23,82.6,,,100
736,Sebastian Janikowski\janikseb01,2013,35,1-17,OAK,NFL,16,0,0,37,37,100.0,21,30,70.0,,,100
737,John Kasay\kasayjoh01,2006,37,4-98,CAR,NFL,16,0,0,28,28,100.0,24,27,88.9,,,100
738,Rian Lindell\linderia01,2013,36,,TAM,NFL,16,0,0,31,31,100.0,23,29,79.3,,,100
739,Nick Lowery\lowernic01,1986,30,,KAN,NFL,16,0,0,43,43,100.0,19,26,73.1,,,100
740,Olindo Mare\marexoli01,2006,33,,MIA,NFL,16,0,0,22,22,100.0,26,36,72.2,,,100
741,Olindo Mare\marexoli01,2009,36,,SEA,NFL,16,0,0,28,28,100.0,24,26,92.3,,,100
742,Mac Percival\PercMa20,1968,28,,CHI,NFL,14,,0,25,25,100.0,25,36,69.4,,,100
743,Jeff Reed\reedxjef01,2003,24,,PIT,NFL,16,0,0,31,32,96.9,23,32,71.9,,,100
744,Pete Stoyanovich\stoyapet01,1990,23,8-203,MIA,NFL,16,0,0,37,37,100.0,21,25,84.0,,,100
745,Lawrence Tynes\tyneslaw01,2010,32,,NYG,NFL,15,0,0,43,43,100.0,19,23,82.6,,,100
746,Lawrence Tynes\tyneslaw01,2011,33,,NYG,NFL,16,0,0,43,43,100.0,19,24,79.2,,,100
747,Adam Vinatieri\vinatada01,2005,33,,NWE,NFL,16,0,0,40,41,97.6,20,25,80.0,,,100
748,Blair Walsh\WalsBl00,2017,27,6-175,SEA,NFL,16,0,0,37,38,97.4,21,29,72.4,,,100
749,David Akers\akersdav01,2013,39,,DET,NFL,16,0,0,42,43,97.7,19,24,79.2,,,99
750,Morten Andersen*\andermor01,2004,44,4-86,MIN,NFL,16,0,0,45,45,100.0,18,22,81.8,,,99
751,Morten Andersen*\andermor01,2007,47,4-86,ATL,NFL,14,0,0,24,24,100.0,25,28,89.3,,,99
752,Chris Bahr\bahrxchr01,1986,33,2-51,RAI,NFL,16,0,0,36,36,100.0,21,28,75.0,,,99
753,Rob Bironas\bironrob01,2005,27,,TEN,NFL,16,0,0,30,32,93.8,23,29,79.3,,,99
754,Chris Boniol\boniochr01,1997,26,,PHI,NFL,16,0,0,33,33,100.0,22,31,71.0,,,99
755,Chris Boswell\BoswCh00,2016,25,,PIT,NFL,15,0,0,36,36,100.0,21,25,84.0,,,99
756,Steve Christie\chrisste01,2004,37,,NYG,NFL,16,0,0,33,33,100.0,22,28,78.6,,,99
757,Frank Corral\corrafra01,1980,25,3-78,RAM,NFL,16,0,0,51,52,98.1,16,30,53.3,,,99
758,Billy Cundiff\cundibil01,2003,23,,DAL,NFL,15,0,0,30,31,96.8,23,29,79.3,,,99
759,Tom Dempsey\DempTo20,1969,22,,NOR,NFL,14,,0,33,35,94.3,22,41,53.7,,,99
760,Toni Fritsch\fritston01,1972,27,,DAL,NFL,14,0,0,36,36,100.0,21,36,58.3,,,99
761,Donald Igwebuike\igwebdon01,1989,29,10-260,TAM,NFL,16,0,0,33,35,94.3,22,28,78.6,,,99
762,Norm Johnson\johnsnor01,1998,38,,PIT,NFL,15,0,0,21,21,100.0,26,31,83.9,,,99
763,John Kasay\kasayjoh01,2007,38,4-98,CAR,NFL,16,0,0,27,27,100.0,24,28,85.7,,,99
764,John Kasay\kasayjoh01,1999,30,4-98,CAR,NFL,13,0,0,33,33,100.0,22,25,88.0,,,99
765,Ryan Longwell\longwrya01,2007,33,,MIN,NFL,16,0,0,39,40,97.5,20,24,83.3,,,99
766,Errol Mann\MannEr20,1977,36,,OAK,NFL,14,0,0,39,42,92.9,20,28,71.4,,,99
767,Olindo Mare\marexoli01,1998,25,,MIA,NFL,16,0,0,33,34,97.1,22,27,81.5,,,99
768,Olindo Mare\marexoli01,2003,30,,MIA,NFL,16,0,0,33,34,97.1,22,29,75.9,,,99
769,Brandon McManus\McMaBr01,2017,26,,DEN,NFL,16,0,0,27,27,100.0,24,32,75.0,,,99
770,Rafael Septien\septiraf01,1985,32,10-258,DAL,NFL,16,0,0,42,43,97.7,19,28,67.9,,,99
771,Uwe von Schamann\vonscuwe01,1979,23,7-189,MIA,NFL,16,0,0,36,40,90.0,21,29,72.4,,,99
772,Uwe von Schamann\vonscuwe01,1983,27,7-189,MIA,NFL,16,0,0,45,48,93.8,18,27,66.7,,,99
773,Roberto Aguayo\AguaRo00,2016,22,2-59,TAM,NFL,16,0,0,32,34,94.1,22,31,71.0,,,98
774,Morten Andersen*\andermor01,2001,41,4-86,NYG,NFL,16,0,0,29,30,96.7,23,28,82.1,,,98
775,Morten Andersen*\andermor01,2000,40,4-86,ATL,NFL,16,0,0,23,23,100.0,25,31,80.6,,,98
776,Gary Anderson\andergar02,1995,36,7-171,PHI,NFL,16,0,0,32,33,97.0,22,30,73.3,,,98
777,Chris Bahr\bahrxchr01,1980,27,2-51,OAK,NFL,16,0,0,41,44,93.2,19,37,51.4,,,98
778,Rob Bironas\bironrob01,2006,28,,TEN,NFL,16,0,0,32,32,100.0,22,28,78.6,,,98
779,Chris Jacke\jackechr01,1994,28,6-142,GNB,NFL,16,0,0,41,43,95.3,19,26,73.1,,,98
780,John Kasay\kasayjoh01,1993,24,4-98,SEA,NFL,16,0,0,29,29,100.0,23,28,82.1,,,98
781,Booth Lusteg\LustBo20,1966,27,,BUF,AFL,14,,0,41,42,97.6,19,38,50.0,,,98
782,Errol Mann\MannEr20,1972,31,,DET,NFL,14,0,0,38,39,97.4,20,29,69.0,,,98
783,Mike Mercer\MercMi20,1966,31,15-197,2TM,AFL,12,,0,35,38,92.1,21,30,70.0,,,98
784,Lou Michaels\MichLo20,1966,31,1-4,BAL,NFL,14,14,0,35,36,97.2,21,39,53.8,,,98
785,Todd Peterson\petertod01,1998,28,7-177,SEA,NFL,16,0,0,41,41,100.0,19,24,79.2,,,98
786,Garo Yepremian\yepregar01,1978,34,,MIA,NFL,16,0,0,41,45,91.1,19,23,82.6,,,98
787,Morten Andersen*\andermor01,1996,36,4-86,ATL,NFL,16,0,0,31,31,100.0,22,29,75.9,,,97
788,Matt Bahr\bahrxmat01,1984,28,6-165,CLE,NFL,16,0,0,25,25,100.0,24,32,75.0,,,97
789,Jim Bakken\BakkJi20,1970,30,7-88,STL,NFL,14,0,0,37,38,97.4,20,32,62.5,,,97
790,Jim Bakken\BakkJi20,1975,35,7-88,STL,NFL,14,0,0,40,41,97.6,19,24,79.2,,,97
791,Jim Breech\breecjim01,1987,31,8-206,CIN,NFL,12,0,0,25,27,92.6,24,30,80.0,,,97
792,John Carney\carnejoh01,2005,41,,NOR,NFL,16,0,0,22,22,100.0,25,32,78.1,,,97
793,John Carney\carnejoh01,1998,34,,SDG,NFL,16,0,0,19,19,100.0,26,30,86.7,,,97
794,Dan Carpenter\CarpDa44,2016,31,,BUF,NFL,16,0,0,40,45,88.9,19,25,76.0,,,97
795,Mike Clark\ClarMi20,1966,26,,PIT,NFL,14,,0,34,34,100.0,21,32,65.6,,,97
796,Fred Cox\CoxxFr20,1972,34,8-110 28-221AFL,MIN,NFL,14,0,0,34,34,100.0,21,33,63.6,,,97
797,Rick Danmeier\danmeric01,1981,29,,MIN,NFL,16,0,0,34,37,91.9,21,25,84.0,,,97
798,Phil Dawson\dawsophi01,2010,35,,CLE,NFL,16,0,0,28,28,100.0,23,28,82.1,,,97
799,Toni Fritsch\fritston01,1973,28,,DAL,NFL,13,0,0,43,43,100.0,18,28,64.3,,,97
800,Pete Gogolak\GogoPe20,1972,30,12-92 12-92AFL,NYG,NFL,14,0,0,34,38,89.5,21,31,67.7,,,97
801,Shayne Graham\grahasha01,2009,32,,CIN,NFL,16,0,0,28,29,96.6,23,28,82.1,,,97
802,Martin Gramatica\gramamar01,2001,26,3-80,TAM,NFL,14,0,0,28,28,100.0,23,29,79.3,,,97
803,Chris Jacke\jackechr01,1990,24,6-142,GNB,NFL,16,0,0,28,29,96.6,23,30,76.7,,,97
804,Jeff Jaeger\jaegejef01,1994,30,3-82,RAI,NFL,16,0,0,31,31,100.0,22,28,78.6,,,97
805,Sebastian Janikowski\janikseb01,2007,29,1-17,OAK,NFL,16,0,0,28,28,100.0,23,32,71.9,,,97
806,Sebastian Janikowski\janikseb01,2008,30,1-17,OAK,NFL,16,0,0,25,26,96.2,24,30,80.0,,,97
807,John Kasay\kasayjoh01,2009,40,4-98,CAR,NFL,16,0,0,31,32,96.9,22,27,81.5,,,97
808,Chip Lohmiller\lohmichi01,1988,22,2-55,WAS,NFL,16,0,0,40,41,97.6,19,26,73.1,,,97
809,Nick Lowery\lowernic01,1980,24,,KAN,NFL,16,0,0,37,37,100.0,20,26,76.9,,,97
810,Mark Moseley\moselmar01,1976,28,14-346,WAS,NFL,14,0,0,31,32,96.9,22,34,64.7,,,97
811,Mark Moseley\moselmar01,1985,37,14-346,WAS,NFL,16,0,0,31,33,93.9,22,34,64.7,,,97
812,Eddie Murray\murraedd01,1991,35,7-166,DET,NFL,16,0,0,40,40,100.0,19,28,67.9,,,97
813,Joe Nedney\nednejoe01,2005,32,,SFO,NFL,15,0,0,19,19,100.0,26,28,92.9,,,97
814,Rafael Septien\septiraf01,1979,26,10-258,DAL,NFL,16,0,0,40,44,90.9,19,29,65.5,,,97
815,Jim Turner\TurnJi22,1972,31,19-259,DEN,NFL,14,0,0,37,37,100.0,20,29,69.0,,,97
816,Bobby Walston\WalsBo00,1961,33,14-166,PHI,NFL,14,12,2,43,46,93.5,14,25,56.0,,,97
817,Jeff Wilkins\wilkijef01,2007,35,,STL,NFL,16,0,0,25,25,100.0,24,32,75.0,,,97
818,Garo Yepremian\yepregar01,1970,26,,MIA,NFL,13,0,0,31,31,100.0,22,29,75.9,,,97
819,Matt Bahr\bahrxmat01,1995,39,6-165,NWE,NFL,16,0,0,27,27,100.0,23,33,69.7,,,96
820,Matt Bahr\bahrxmat01,1980,24,6-165,PIT,NFL,16,0,0,39,42,92.9,19,28,67.9,,,96
821,Jim Bakken\BakkJi20,1965,25,7-88,STL,NFL,14,,0,33,33,100.0,21,31,67.7,,,96
822,Jim Bakken\BakkJi20,1966,26,7-88,STL,NFL,14,,0,27,28,96.4,23,40,57.5,,,96
823,Dean Biasucci\biasudea01,1987,25,,IND,NFL,12,0,0,24,24,100.0,24,27,88.9,,,96
824,Jim Breech\breecjim01,1991,35,8-206,CIN,NFL,16,0,0,27,27,100.0,23,29,79.3,,,96
825,Randy Bullock\BullRa00,2018,29,5-161,CIN,NFL,16,0,0,39,41,95.1,19,23,82.6,,,96
826,Don Chandler\ChanDo20,1967,33,5-57,GNB,NFL,14,,0,39,39,100.0,19,29,65.5,,,96
827,Steve Christie\chrisste01,1990,23,,TAM,NFL,16,0,0,27,27,100.0,23,27,85.2,,,96
828,Fred Cox\CoxxFr20,1973,35,8-110 28-221AFL,MIN,NFL,14,0,0,33,33,100.0,21,35,60.0,,,96
829,Tony Franklin\frankton01,1980,24,3-74,PHI,NFL,16,0,0,48,48,100.0,16,31,51.6,,,96
830,Robbie Gould\gouldrob01,2012,30,,CHI,NFL,13,0,0,33,33,100.0,21,25,84.0,,,96
831,Stephen Hauschka\HausSt00,2019,34,,BUF,NFL,16,0,0,30,32,93.8,22,28,78.6,,,96
832,Dustin Hopkins\HopkDu00,2019,29,6-177,WAS,NFL,16,0,0,21,22,95.5,25,30,83.3,,,96
833,Donald Igwebuike\igwebdon01,1985,25,10-260,TAM,NFL,16,0,0,30,32,93.8,22,32,68.8,,,96
834,Chris Jacke\jackechr01,1992,26,6-142,GNB,NFL,16,0,0,30,30,100.0,22,29,75.9,,,96
835,Rich Karlis\karliric01,1983,24,,DEN,NFL,16,0,0,33,34,97.1,21,25,84.0,,,96
836,Rian Lindell\linderia01,2007,30,,BUF,NFL,16,0,0,24,24,100.0,24,27,88.9,,,96
837,Brett Maher\MaheBr01,2019,30,,DAL,NFL,13,0,0,36,36,100.0,20,30,66.7,,,96
838,Olindo Mare\marexoli01,2001,28,,MIA,NFL,16,0,0,39,40,97.5,19,21,90.5,,,96
839,Eddie Murray\murraedd01,1989,33,7-166,DET,NFL,16,0,0,36,36,100.0,20,21,95.2,,,96
840,Eddie Murray\murraedd01,1994,38,7-166,PHI,NFL,16,0,0,33,33,100.0,21,25,84.0,,,96
841,Steve Myhra\MyhrSt20,1961,27,12-139,BAL,NFL,14,,0,33,34,97.1,21,39,53.8,,,96
842,Eddy Pineiro\PineEd00,2019,24,,CHI,NFL,16,0,0,27,29,93.1,23,28,82.1,,,96
843,Scott Sisson\sissosco01,1996,25,5-113,MIN,NFL,16,0,0,30,30,100.0,22,29,75.9,,,96
844,Jan Stenerud*\stenejan01,1975,33,,KAN,NFL,14,0,0,30,31,96.8,22,32,68.8,,,96
845,Matt Stover\stovemat01,2002,34,12-329,BAL,NFL,15,0,0,33,33,100.0,21,25,84.0,,,96
846,Gary Anderson\andergar02,1986,27,7-171,PIT,NFL,16,0,0,32,32,100.0,21,32,65.6,,,95
847,Obed Ariri\aririobe01,1984,28,7-178,TAM,NFL,16,0,0,38,40,95.0,19,26,73.1,,,95
848,George Blair\BlaiGe00,1963,25,6-72,SDG,AFL,14,,0,44,48,91.7,17,28,60.7,,,95
849,George Blanda*\BlanGe00,1972,45,12-119,OAK,NFL,14,0,0,44,44,100.0,17,26,65.4,,,95
850,Jim Breech\breecjim01,1979,23,8-206,OAK,NFL,16,0,0,41,45,91.1,18,27,66.7,,,95
851,Gino Cappelletti\CappGi00,1967,33,,BOS,AFL,14,12,3,29,30,96.7,16,31,51.6,,,95
852,John Carney\carnejoh01,1995,31,,SDG,NFL,16,0,0,32,33,97.0,21,26,80.8,,,95
853,Billy Cundiff\cundibil01,2013,33,,CLE,NFL,16,0,0,32,32,100.0,21,26,80.8,,,95
854,Brad Daluiso\daluibra01,1998,31,,NYG,NFL,16,0,0,32,32,100.0,21,27,77.8,,,95
855,Phil Dawson\dawsophi01,2001,26,,CLE,NFL,16,0,0,29,30,96.7,22,25,88.0,,,95
856,Al Del Greco\delgralx01,1985,23,,GNB,NFL,16,0,0,38,40,95.0,19,26,73.1,,,95
857,Paul Edinger\edingpau01,2002,24,6-174,CHI,NFL,16,0,0,29,29,100.0,22,28,78.6,,,95
858,Roy Gerela\GereRo20,1975,27,4-96,PIT,NFL,14,0,0,44,46,95.7,17,21,81.0,,,95
859,Bruce Gossett\GossBr20,1972,31,,SFO,NFL,14,0,0,41,42,97.6,18,29,62.1,,,95
860,Sebastian Janikowski\janikseb01,2009,31,1-17,OAK,NFL,16,0,0,17,17,100.0,26,29,89.7,,,95
861,Norm Johnson\johnsnor01,1991,31,,ATL,NFL,14,0,0,38,39,97.4,19,23,82.6,,,95
862,Norm Johnson\johnsnor01,1994,34,,ATL,NFL,16,0,0,32,32,100.0,21,25,84.0,,,95
863,Brandon McManus\McMaBr01,2018,27,,DEN,NFL,16,0,0,35,35,100.0,20,25,80.0,,,95
864,Lou Michaels\MichLo20,1963,28,1-4,PIT,NFL,14,13,0,32,35,91.4,21,41,51.2,,,95
865,Mark Moseley\moselmar01,1981,33,14-346,WAS,NFL,16,0,0,38,42,90.5,19,30,63.3,,,95
866,Jim O'Brien\OBriJi20,1971,24,3-70,BAL,NFL,14,0,0,35,36,97.2,20,29,69.0,,,95
867,Jan Stenerud*\stenejan01,1972,30,,KAN,NFL,14,0,0,32,32,100.0,21,36,58.3,,,95
868,Pete Stoyanovich\stoyapet01,1989,22,8-203,MIA,NFL,16,0,0,38,39,97.4,19,26,73.1,,,95
869,Luis Zendejas\zendelui01,1988,27,,2TM,NFL,14,0,0,35,36,97.2,20,27,74.1,,,95
870,Greg Zuerlein\ZuerGr00,2012,25,6-171,STL,NFL,16,0,0,26,26,100.0,23,31,74.2,,,95
871,Morten Andersen*\andermor01,1984,24,4-86,NOR,NFL,16,0,0,34,34,100.0,20,27,74.1,,,94
872,Connor Barth\barthco01,2015,29,,TAM,NFL,12,0,0,25,26,96.2,23,28,82.1,,,94
873,Dean Biasucci\biasudea01,1989,27,,IND,NFL,16,0,0,31,32,96.9,21,27,77.8,,,94
874,Matt Bryant\bryanmat01,2005,30,,TAM,NFL,15,0,0,31,31,100.0,21,25,84.0,,,94
875,Don Cockroft\cockrdon01,1972,27,3-55,CLE,NFL,14,0,0,28,29,96.6,22,27,81.5,,,94
876,Don Cockroft\cockrdon01,1978,33,3-55,CLE,NFL,16,0,0,37,40,92.5,19,28,67.9,,,94
877,Billy Cundiff\cundibil01,2014,34,,CLE,NFL,13,0,0,28,28,100.0,22,29,75.9,,,94
878,Brad Daluiso\daluibra01,1996,29,,NYG,NFL,16,0,0,22,22,100.0,24,27,88.9,,,94
879,Greg Davis\davisgre01,1989,24,9-246,2TM,NFL,15,0,0,25,28,89.3,23,34,67.6,,,94
880,Tom Dempsey\DempTo20,1975,28,,RAM,NFL,14,0,0,31,36,86.1,21,26,80.8,,,94
881,Jay Feely\feelyjay01,2004,28,,ATL,NFL,16,0,0,40,40,100.0,18,23,78.3,,,94
882,Chris Jacke\jackechr01,1995,29,6-142,GNB,NFL,14,0,0,43,43,100.0,17,23,73.9,,,94
883,Sebastian Janikowski\janikseb01,2003,25,1-17,OAK,NFL,16,0,0,28,29,96.6,22,25,88.0,,,94
884,Mick Luckhurst\luckhmic01,1983,25,,ATL,NFL,16,0,0,43,45,95.6,17,22,77.3,,,94
885,Chester Marcol\marcoche01,1974,25,2-34,GNB,NFL,14,0,0,19,19,100.0,25,39,64.1,,,94
886,Horst Muhlmann\MuhlHo20,1973,33,,CIN,NFL,14,0,0,31,32,96.9,21,31,67.7,,,94
887,Joe Nedney\nednejoe01,2001,28,,TEN,NFL,16,0,0,34,35,97.1,20,28,71.4,,,94
888,Neil Rackers\rackenei01,2004,28,6-169,ARI,NFL,16,0,0,28,28,100.0,22,29,75.9,,,94
889,Fuad Reveiz\reveifua01,1986,23,7-195,MIA,NFL,16,0,0,52,55,94.5,14,22,63.6,,,94
890,Rafael Septien\septiraf01,1978,25,10-258,DAL,NFL,16,0,0,46,47,97.9,16,26,61.5,,,94
891,Herb Travenio\TravHe20,1965,32,,SDG,AFL,14,,0,40,40,100.0,18,30,60.0,,,94
892,Jeff Wilkins\wilkijef01,2002,30,,STL,NFL,16,0,0,37,37,100.0,19,25,76.0,,,94
893,Tony Zendejas\zendeton01,1986,26,1-27,HOU,NFL,15,0,0,28,29,96.6,22,27,81.5,,,94
894,Dan Bailey\BailDa00,2018,30,,MIN,NFL,14,0,0,30,31,96.8,21,28,75.0,,,93
895,Jim Bakken\BakkJi20,1976,36,7-88,STL,NFL,14,0,0,33,35,94.3,20,27,74.1,,,93
896,Dean Biasucci\biasudea01,1993,31,,IND,NFL,16,0,0,15,16,93.8,26,31,83.9,,,93
897,Matt Bryant\bryanmat01,2018,43,,ATL,NFL,13,0,0,33,35,94.3,20,21,95.2,,,93
898,Steve Christie\chrisste01,1997,30,,BUF,NFL,16,0,0,21,21,100.0,24,30,80.0,,,93
899,Brad Daluiso\daluibra01,1997,30,,NYG,NFL,16,0,0,27,29,93.1,22,32,68.8,,,93
900,Nick Folk\FolkNi20,2012,28,6-178,NYJ,NFL,16,0,0,30,30,100.0,21,27,77.8,,,93
901,Roy Gerela\GereRo20,1974,26,4-96,PIT,NFL,14,0,0,33,35,94.3,20,29,69.0,,,93
902,Lou Groza*\GrozLo20,1965,41,,CLE,NFL,14,,0,45,45,100.0,16,25,64.0,,,93
903,John Hall\hallxjoh01,2000,26,,NYJ,NFL,15,0,0,30,30,100.0,21,32,65.6,,,93
904,Jason Hanson\hansojas01,1992,22,2-56,DET,NFL,16,0,0,30,30,100.0,21,26,80.8,,,93
905,Jason Hanson\hansojas01,1994,24,2-56,DET,NFL,16,0,0,39,40,97.5,18,27,66.7,,,93
906,Efren Herrera\herreefr01,1980,29,7-169,SEA,NFL,16,0,0,33,33,100.0,20,31,64.5,,,93
907,Efren Herrera\herreefr01,1977,26,7-169,DAL,NFL,14,0,0,39,41,95.1,18,29,62.1,,,93
908,Michael Husted\hustemic01,1996,26,,TAM,NFL,16,0,0,18,19,94.7,25,32,78.1,,,93
909,Norm Johnson\johnsnor01,1992,32,,ATL,NFL,16,0,0,39,39,100.0,18,22,81.8,,,93
910,Curt Knight\KnigCu20,1970,27,,WAS,NFL,14,0,0,33,34,97.1,20,27,74.1,,,93
911,Rian Lindell\linderia01,2001,24,,SEA,NFL,16,0,0,33,33,100.0,20,32,62.5,,,93
912,Jim O'Brien\OBriJi20,1970,23,3-70,BAL,NFL,14,0,0,36,38,94.7,19,34,55.9,,,93
913,Neil O'Donoghue\odononei02,1981,28,5-127,STL,NFL,16,0,0,36,37,97.3,19,32,59.4,,,93
914,Wade Richey\richewad01,1999,23,,SFO,NFL,16,0,0,30,31,96.8,21,23,91.3,,,93
915,Josh Scobee\scobejos01,2011,29,5-137,JAX,NFL,16,0,0,24,24,100.0,23,25,92.0,,,93
916,Josh Scobee\scobejos01,2012,30,5-137,JAX,NFL,16,0,0,18,19,94.7,25,28,89.3,,,93
917,Josh Scobee\scobejos01,2004,22,5-137,JAX,NFL,16,0,0,21,21,100.0,24,31,77.4,,,93
918,Jan Stenerud*\stenejan01,1973,31,,KAN,NFL,14,0,0,21,23,91.3,24,38,63.2,,,93
919,Jim Turner\TurnJi22,1971,30,19-259,DEN,NFL,14,0,0,18,18,100.0,25,38,65.8,,,93
920,Adam Vinatieri\vinatada01,2011,39,,IND,NFL,16,0,0,24,24,100.0,23,27,85.2,,,93
921,Uwe von Schamann\vonscuwe01,1984,28,7-189,MIA,NFL,16,0,0,66,70,94.3,9,19,47.4,,,93
922,Morten Andersen*\andermor01,1990,30,4-86,NOR,NFL,16,0,0,29,29,100.0,21,27,77.8,,,92
923,Gary Anderson\andergar02,1990,31,7-171,PIT,NFL,16,0,0,32,32,100.0,20,25,80.0,,,92
924,Sam Baker\BakeSa20,1962,33,11-133,DAL,NFL,14,,0,50,51,98.0,14,27,51.9,,,92
925,Sam Baker\BakeSa20,1966,37,11-133,PHI,NFL,14,,0,38,39,97.4,18,25,72.0,,,92
926,Rolf Benirschke\benirrol01,1984,29,12-334,SDG,NFL,14,0,0,41,41,100.0,17,26,65.4,,,92
927,Jim Breech\breecjim01,1990,34,8-206,CIN,NFL,16,0,0,41,44,93.2,17,21,81.0,,,92
928,Doug Brien\briendou01,1995,25,3-85,2TM,NFL,14,0,0,35,35,100.0,19,29,65.5,,,92
929,Doug Brien\briendou01,1999,29,3-85,NOR,NFL,16,0,0,20,21,95.2,24,29,82.8,,,92
930,Dan Carpenter\CarpDa44,2012,27,,MIA,NFL,14,0,0,26,26,100.0,22,27,81.5,,,92
931,Phil Dawson\dawsophi01,2011,36,,CLE,NFL,16,0,0,20,20,100.0,24,29,82.8,,,92
932,Phil Dawson\dawsophi01,2015,40,,SFO,NFL,16,0,0,20,21,95.2,24,27,88.9,,,92
933,Ka'imi Fairbairn\FairKa01,2017,23,,HOU,NFL,16,0,0,32,35,91.4,20,25,80.0,,,92
934,Jason Hanson\hansojas01,2003,33,2-56,DET,NFL,16,0,0,26,27,96.3,22,23,95.7,,,92
935,Michael Husted\hustemic01,1998,28,,TAM,NFL,16,0,0,29,30,96.7,21,28,75.0,,,92
936,John Kasay\kasayjoh01,1998,29,4-98,CAR,NFL,16,0,0,35,37,94.6,19,26,73.1,,,92
937,John Kasay\kasayjoh01,2010,41,4-98,CAR,NFL,16,0,0,17,17,100.0,25,29,86.2,,,92
938,Pat Leahy\leahypat01,1986,35,,NYJ,NFL,16,0,0,44,44,100.0,16,19,84.2,,,92
939,Errol Mann\MannEr20,1974,33,,DET,NFL,14,0,0,23,26,88.5,23,32,71.9,,,92
940,Mike Nugent\nugenmik01,2016,34,2-47,CIN,NFL,13,0,0,23,29,79.3,23,29,79.3,,,92
941,Mike Nugent\nugenmik01,2012,30,2-47,CIN,NFL,12,0,0,35,35,100.0,19,23,82.6,,,92
942,Benny Ricardo\ricarben01,1978,24,,DET,NFL,16,0,0,32,33,97.0,20,28,71.4,,,92
943,Roger Ruzek\ruzekrog01,1987,27,,DAL,NFL,12,0,0,26,26,100.0,22,25,88.0,,,92
944,Rafael Septien\septiraf01,1980,27,10-258,DAL,NFL,16,0,0,59,60,98.3,11,17,64.7,,,92
945,Matt Stover\stovemat01,1992,24,12-329,CLE,NFL,16,0,0,29,30,96.7,21,29,72.4,,,92
946,Ryan Succop\SuccRy44,2011,25,7-256,KAN,NFL,16,0,0,20,20,100.0,24,30,80.0,,,92
947,Ray Wersching\werscray01,1979,29,,SFO,NFL,16,0,0,32,35,91.4,20,24,83.3,,,92
948,Tony Zendejas\zendeton01,1987,27,1-27,HOU,NFL,13,0,0,32,33,97.0,20,26,76.9,,,92
949,Tony Zendejas\zendeton01,1985,25,1-27,HOU,NFL,14,0,0,29,31,93.5,21,27,77.8,,,92
950,Morten Andersen*\andermor01,1983,23,4-86,NOR,NFL,16,0,0,37,38,97.4,18,24,75.0,,,91
951,Gary Anderson\andergar02,1989,30,7-171,PIT,NFL,16,0,0,28,28,100.0,21,30,70.0,,,91
952,Chris Bahr\bahrxchr01,1988,35,2-51,RAI,NFL,16,0,0,37,39,94.9,18,29,62.1,,,91
953,Rolf Benirschke\benirrol01,1978,23,12-334,SDG,NFL,15,0,0,37,43,86.0,18,22,81.8,,,91
954,Doug Brien\briendou01,1997,27,3-85,NOR,NFL,16,0,0,22,22,100.0,23,27,85.2,,,91
955,Doug Brien\briendou01,1998,28,3-85,NOR,NFL,16,0,0,31,31,100.0,20,22,90.9,,,91
956,Kevin Butler\butlekev01,1992,30,4-105,CHI,NFL,16,0,0,34,34,100.0,19,26,73.1,,,91
957,Daniel Carlson\CarlDa00,2019,24,5-167,OAK,NFL,16,0,0,34,36,94.4,19,26,73.1,,,91
958,Mike Cofer\cofermik01,1991,27,,SFO,NFL,16,0,0,49,50,98.0,14,28,50.0,,,91
959,Fred Cox\CoxxFr20,1971,33,8-110 28-221AFL,MIN,NFL,14,0,0,25,25,100.0,22,32,68.8,,,91
960,Billy Cundiff\cundibil01,2004,24,,DAL,NFL,16,0,0,31,31,100.0,20,26,76.9,,,91
961,Stephen Hauschka\HausSt00,2018,33,,BUF,NFL,16,0,0,25,26,96.2,22,28,78.6,,,91
962,Rich Karlis\karliric01,1987,28,,DEN,NFL,12,0,0,37,37,100.0,18,25,72.0,,,91
963,John Kasay\kasayjoh01,2001,32,4-98,CAR,NFL,16,0,0,22,23,95.7,23,28,82.1,,,91
964,John Kasay\kasayjoh01,1997,28,4-98,CAR,NFL,16,0,0,25,25,100.0,22,26,84.6,,,91
965,Jerry Kramer*\KramJe00,1963,27,4-39,GNB,NFL,14,14,0,43,46,93.5,16,34,47.1,,,91
966,Chip Lohmiller\lohmichi01,1996,30,2-55,STL,NFL,15,0,0,28,29,96.6,21,25,84.0,,,91
967,Mick Luckhurst\luckhmic01,1984,26,,ATL,NFL,16,0,0,31,31,100.0,20,27,74.1,,,91
968,Horst Muhlmann\MuhlHo20,1971,31,,CIN,NFL,14,0,0,31,31,100.0,20,36,55.6,,,91
969,Eddie Murray\murraedd01,1984,28,7-166,DET,NFL,16,0,0,31,31,100.0,20,27,74.1,,,91
970,Patrick Murray\MurrPa01,2014,23,,TAM,NFL,16,0,0,31,31,100.0,20,24,83.3,,,91
971,David Ray\RayxDa21,1971,27,16-243,RAM,NFL,14,0,0,37,37,100.0,18,29,62.1,,,91
972,Josh Scobee\scobejos01,2013,31,5-137,JAX,NFL,16,0,0,22,23,95.7,23,25,92.0,,,91
973,Matt Stover\stovemat01,1996,28,12-329,BAL,NFL,16,0,0,34,35,97.1,19,25,76.0,,,91
974,Jim Turner\TurnJi22,1965,24,19-259,NYJ,AFL,14,,0,31,31,100.0,20,34,58.8,,,91
975,Ray Wersching\werscray01,1985,35,,SFO,NFL,16,0,0,52,53,98.1,13,21,61.9,,,91
976,Gary Anderson\andergar02,2002,43,7-171,MIN,NFL,14,0,0,36,37,97.3,18,23,78.3,,,90
977,Matt Bahr\bahrxmat01,1986,30,6-165,CLE,NFL,12,0,0,30,30,100.0,20,26,76.9,,,90
978,Matt Bahr\bahrxmat01,1991,35,6-165,NYG,NFL,13,0,0,24,25,96.0,22,29,75.9,,,90
979,Don Cockroft\cockrdon01,1973,28,3-55,CLE,NFL,14,0,0,24,24,100.0,22,31,71.0,,,90
980,Joe Danelo\daneljoe01,1978,25,10-257,NYG,NFL,16,0,0,27,29,93.1,21,29,72.4,,,90
981,Jay Feely\feelyjay01,2011,35,,ARI,NFL,16,0,0,33,33,100.0,19,24,79.2,,,90
982,Nick Folk\FolkNi20,2009,25,6-178,DAL,NFL,14,0,0,36,36,100.0,18,28,64.3,,,90
983,Michael Husted\hustemic01,1999,29,,OAK,NFL,13,0,0,30,30,100.0,20,31,64.5,,,90
984,Jeff Jaeger\jaegejef01,1998,34,3-82,CHI,NFL,16,0,0,27,28,96.4,21,26,80.8,,,90
985,Sebastian Janikowski\janikseb01,2005,27,1-17,OAK,NFL,16,0,0,30,30,100.0,20,30,66.7,,,90
986,John Leypoldt\LeypJo20,1973,27,,BUF,NFL,14,0,0,27,27,100.0,21,30,70.0,,,90
987,Chip Lohmiller\lohmichi01,1994,28,2-55,WAS,NFL,16,0,0,30,32,93.8,20,28,71.4,,,90
988,Ryan Longwell\longwrya01,2006,32,,MIN,NFL,16,0,0,27,28,96.4,21,25,84.0,,,90
989,Ryan Longwell\longwrya01,2005,31,,GNB,NFL,16,0,0,30,31,96.8,20,27,74.1,,,90
990,Seth Marler\marleset01,2003,22,,JAX,NFL,16,0,0,30,30,100.0,20,33,60.6,,,90
991,Mike Nugent\nugenmik01,2005,23,2-47,NYJ,NFL,16,0,0,24,24,100.0,22,28,78.6,,,90
992,Neil O'Donoghue\odononei02,1983,30,5-127,STL,NFL,16,0,0,45,47,95.7,15,28,53.6,,,90
993,Josh Scobee\scobejos01,2008,26,5-137,JAX,NFL,16,0,0,33,33,100.0,19,25,76.0,,,90
994,John Smith\smithjoh01,1974,25,,NWE,NFL,14,0,0,42,43,97.7,16,22,72.7,,,90
995,Jan Stenerud*\stenejan01,1976,34,,KAN,NFL,14,0,0,27,33,81.8,21,38,55.3,,,90
996,Jan Stenerud*\stenejan01,1984,42,,MIN,NFL,16,0,0,30,31,96.8,20,23,87.0,,,90
997,Dick Van Raaphorst\VanRDi20,1967,25,10-138,SDG,AFL,14,,0,45,45,100.0,15,30,50.0,,,90
998,Jim Breech\breecjim01,1988,32,8-206,CIN,NFL,16,0,0,56,59,94.9,11,16,68.8,,,89
999,Kevin Butler\butlekev01,1991,29,4-105,CHI,NFL,16,0,0,32,34,94.1,19,29,65.5,,,89
1000,John Carney\carnejoh01,2009,45,,NOR,NFL,11,0,0,50,52,96.2,13,17,76.5,,,89






